

Microchip MPLAB XC8 Assembler V3.10 build 20250813170317 
                                                                                               Fri Nov 21 20:36:33 2025

Microchip MPLAB XC8 C Compiler v3.10 (Free license) build 20250813170317 Og1 
     1                           	processor	16F877A
     2                           	pagewidth 120
     3                           	opt	flic
     4                           	psect	strings,global,class=STRING,space=0,delta=2,noexec
     5                           	psect	cinit,global,class=CODE,space=0,merge=1,delta=2
     6                           	psect	bssBANK1,global,class=BANK1,space=1,delta=1,noexec
     7                           	psect	clrtext,global,class=CODE,space=0,delta=2
     8                           	psect	cstackCOMMON,global,class=COMMON,space=1,delta=1,noexec
     9                           	psect	cstackBANK0,global,class=BANK0,space=1,delta=1,noexec
    10                           	psect	maintext,global,class=CODE,space=0,split=1,delta=2
    11                           	psect	text1,local,class=CODE,space=0,merge=1,delta=2,group=3
    12                           	psect	text2,local,class=CODE,space=0,merge=1,delta=2,group=1
    13                           	psect	text3,local,class=CODE,space=0,merge=1,delta=2,group=1
    14                           	psect	text4,local,class=CODE,space=0,merge=1,delta=2,group=1
    15                           	psect	text5,local,class=CODE,space=0,merge=1,delta=2,group=1
    16                           	psect	text6,local,class=CODE,space=0,merge=1,delta=2,group=3
    17                           	psect	text7,local,class=CODE,space=0,merge=1,delta=2,group=3
    18                           	psect	text8,local,class=CODE,space=0,merge=1,delta=2,group=3
    19                           	psect	text9,local,class=CODE,space=0,merge=1,delta=2,group=2
    20                           	psect	text10,local,class=CODE,space=0,merge=1,delta=2,group=2
    21                           	psect	text11,local,class=CODE,space=0,merge=1,delta=2,group=1
    22                           	psect	text12,local,class=CODE,space=0,merge=1,delta=2,group=2
    23                           	psect	text13,local,class=CODE,space=0,merge=1,delta=2,group=2
    24                           	psect	text14,local,class=CODE,space=0,merge=1,delta=2,group=2
    25                           	psect	text15,local,class=CODE,space=0,merge=1,delta=2
    26                           	psect	text16,local,class=CODE,space=0,merge=1,delta=2
    27                           	psect	text17,local,class=CODE,space=0,merge=1,delta=2
    28                           	psect	text18,local,class=CODE,space=0,merge=1,delta=2
    29                           	psect	text19,local,class=CODE,space=0,merge=1,delta=2
    30                           	psect	text20,local,class=CODE,space=0,merge=1,delta=2
    31                           	psect	text21,local,class=CODE,space=0,merge=1,delta=2
    32                           	psect	text22,local,class=CODE,space=0,merge=1,delta=2
    33                           	dabs	1,0x7E,2
    34     0000                     
    35                           ; Generated 12/10/2023 GMT
    36                           ; 
    37                           ; Copyright © 2023, Microchip Technology Inc. and its subsidiaries ("Microchip")
    38                           ; All rights reserved.
    39                           ; 
    40                           ; This software is developed by Microchip Technology Inc. and its subsidiaries ("Microch
      +                          ip").
    41                           ; 
    42                           ; Redistribution and use in source and binary forms, with or without modification, are
    43                           ; permitted provided that the following conditions are met:
    44                           ; 
    45                           ;     1. Redistributions of source code must retain the above copyright notice, this lis
      +                          t of
    46                           ;        conditions and the following disclaimer.
    47                           ; 
    48                           ;     2. Redistributions in binary form must reproduce the above copyright notice, this 
      +                          list
    49                           ;        of conditions and the following disclaimer in the documentation and/or other
    50                           ;        materials provided with the distribution. Publication is not required when
    51                           ;        this file is used in an embedded application.
    52                           ; 
    53                           ;     3. Microchip's name may not be used to endorse or promote products derived from th
      +                          is
    54                           ;        software without specific prior written permission.
    55                           ; 
    56                           ; THIS SOFTWARE IS PROVIDED BY MICROCHIP "AS IS" AND ANY EXPRESS OR IMPLIED WARRANTIES,
    57                           ; INCLUDING, BUT NOT LIMITED TO, THE IMPLIED WARRANTIES OF MERCHANTABILITY AND FITNESS F
      +                          OR
    58                           ; PURPOSE ARE DISCLAIMED.  IN NO EVENT SHALL MICROCHIP BE LIABLE FOR ANY DIRECT, INDIREC
      +                          T,
    59                           ; INCIDENTAL, SPECIAL, EXEMPLARY, OR CONSEQUENTIAL DAMAGES (INCLUDING BUT NOT LIMITED TO
    60                           ; PROCUREMENT OF SUBSTITUTE GOODS OR SERVICES; LOSS OF USE, DATA OR PROFITS; OR BUSINESS
    61                           ; INTERRUPTION) HOWSOEVER CAUSED AND ON ANY THEORY OF LIABILITY, WHETHER IN CONTRACT, ST
      +                          RICT
    62                           ; LIABILITY, OR TORT (INCLUDING NEGLIGENCE OR OTHERWISE) ARISING IN ANY WAY OUT OF THE U
      +                          SE OF
    63                           ; THIS SOFTWARE, EVEN IF ADVISED OF THE POSSIBILITY OF SUCH DAMAGE.
    64                           ; 
    65                           ; 
    66                           ; Code-generator required, PIC16F877A Definitions
    67                           ; 
    68                           ; SFR Addresses
    69     0004                     fsr             equ	4
    70     0004                     fsr0            equ	4
    71     0000                     indf            equ	0
    72     0000                     indf0           equ	0
    73     0002                     pc              equ	2
    74     0002                     pcl             equ	2
    75     000A                     pclath          equ	10
    76     0003                     status          equ	3
    77     0000                     INDF            equ	0	;# 
    78     0001                     TMR0            equ	1	;# 
    79     0002                     PCL             equ	2	;# 
    80     0003                     STATUS          equ	3	;# 
    81     0004                     FSR             equ	4	;# 
    82     0005                     PORTA           equ	5	;# 
    83     0006                     PORTB           equ	6	;# 
    84     0007                     PORTC           equ	7	;# 
    85     0008                     PORTD           equ	8	;# 
    86     0009                     PORTE           equ	9	;# 
    87     000A                     PCLATH          equ	10	;# 
    88     000B                     INTCON          equ	11	;# 
    89     000C                     PIR1            equ	12	;# 
    90     000D                     PIR2            equ	13	;# 
    91     000E                     TMR1            equ	14	;# 
    92     000E                     TMR1L           equ	14	;# 
    93     000F                     TMR1H           equ	15	;# 
    94     0010                     T1CON           equ	16	;# 
    95     0011                     TMR2            equ	17	;# 
    96     0012                     T2CON           equ	18	;# 
    97     0013                     SSPBUF          equ	19	;# 
    98     0014                     SSPCON          equ	20	;# 
    99     0015                     CCPR1           equ	21	;# 
   100     0015                     CCPR1L          equ	21	;# 
   101     0016                     CCPR1H          equ	22	;# 
   102     0017                     CCP1CON         equ	23	;# 
   103     0018                     RCSTA           equ	24	;# 
   104     0019                     TXREG           equ	25	;# 
   105     001A                     RCREG           equ	26	;# 
   106     001B                     CCPR2           equ	27	;# 
   107     001B                     CCPR2L          equ	27	;# 
   108     001C                     CCPR2H          equ	28	;# 
   109     001D                     CCP2CON         equ	29	;# 
   110     001E                     ADRESH          equ	30	;# 
   111     001F                     ADCON0          equ	31	;# 
   112     0081                     OPTION_REG      equ	129	;# 
   113     0085                     TRISA           equ	133	;# 
   114     0086                     TRISB           equ	134	;# 
   115     0087                     TRISC           equ	135	;# 
   116     0088                     TRISD           equ	136	;# 
   117     0089                     TRISE           equ	137	;# 
   118     008C                     PIE1            equ	140	;# 
   119     008D                     PIE2            equ	141	;# 
   120     008E                     PCON            equ	142	;# 
   121     0091                     SSPCON2         equ	145	;# 
   122     0092                     PR2             equ	146	;# 
   123     0093                     SSPADD          equ	147	;# 
   124     0094                     SSPSTAT         equ	148	;# 
   125     0098                     TXSTA           equ	152	;# 
   126     0099                     SPBRG           equ	153	;# 
   127     009C                     CMCON           equ	156	;# 
   128     009D                     CVRCON          equ	157	;# 
   129     009E                     ADRESL          equ	158	;# 
   130     009F                     ADCON1          equ	159	;# 
   131     010C                     EEDATA          equ	268	;# 
   132     010D                     EEADR           equ	269	;# 
   133     010E                     EEDATH          equ	270	;# 
   134     010F                     EEADRH          equ	271	;# 
   135     018C                     EECON1          equ	396	;# 
   136     018D                     EECON2          equ	397	;# 
   137     0000                     INDF            equ	0	;# 
   138     0001                     TMR0            equ	1	;# 
   139     0002                     PCL             equ	2	;# 
   140     0003                     STATUS          equ	3	;# 
   141     0004                     FSR             equ	4	;# 
   142     0005                     PORTA           equ	5	;# 
   143     0006                     PORTB           equ	6	;# 
   144     0007                     PORTC           equ	7	;# 
   145     0008                     PORTD           equ	8	;# 
   146     0009                     PORTE           equ	9	;# 
   147     000A                     PCLATH          equ	10	;# 
   148     000B                     INTCON          equ	11	;# 
   149     000C                     PIR1            equ	12	;# 
   150     000D                     PIR2            equ	13	;# 
   151     000E                     TMR1            equ	14	;# 
   152     000E                     TMR1L           equ	14	;# 
   153     000F                     TMR1H           equ	15	;# 
   154     0010                     T1CON           equ	16	;# 
   155     0011                     TMR2            equ	17	;# 
   156     0012                     T2CON           equ	18	;# 
   157     0013                     SSPBUF          equ	19	;# 
   158     0014                     SSPCON          equ	20	;# 
   159     0015                     CCPR1           equ	21	;# 
   160     0015                     CCPR1L          equ	21	;# 
   161     0016                     CCPR1H          equ	22	;# 
   162     0017                     CCP1CON         equ	23	;# 
   163     0018                     RCSTA           equ	24	;# 
   164     0019                     TXREG           equ	25	;# 
   165     001A                     RCREG           equ	26	;# 
   166     001B                     CCPR2           equ	27	;# 
   167     001B                     CCPR2L          equ	27	;# 
   168     001C                     CCPR2H          equ	28	;# 
   169     001D                     CCP2CON         equ	29	;# 
   170     001E                     ADRESH          equ	30	;# 
   171     001F                     ADCON0          equ	31	;# 
   172     0081                     OPTION_REG      equ	129	;# 
   173     0085                     TRISA           equ	133	;# 
   174     0086                     TRISB           equ	134	;# 
   175     0087                     TRISC           equ	135	;# 
   176     0088                     TRISD           equ	136	;# 
   177     0089                     TRISE           equ	137	;# 
   178     008C                     PIE1            equ	140	;# 
   179     008D                     PIE2            equ	141	;# 
   180     008E                     PCON            equ	142	;# 
   181     0091                     SSPCON2         equ	145	;# 
   182     0092                     PR2             equ	146	;# 
   183     0093                     SSPADD          equ	147	;# 
   184     0094                     SSPSTAT         equ	148	;# 
   185     0098                     TXSTA           equ	152	;# 
   186     0099                     SPBRG           equ	153	;# 
   187     009C                     CMCON           equ	156	;# 
   188     009D                     CVRCON          equ	157	;# 
   189     009E                     ADRESL          equ	158	;# 
   190     009F                     ADCON1          equ	159	;# 
   191     010C                     EEDATA          equ	268	;# 
   192     010D                     EEADR           equ	269	;# 
   193     010E                     EEDATH          equ	270	;# 
   194     010F                     EEADRH          equ	271	;# 
   195     018C                     EECON1          equ	396	;# 
   196     018D                     EECON2          equ	397	;# 
   197     0008                     _PORTD          set	8
   198     0009                     _PORTEbits      set	9
   199     001E                     _ADRESH         set	30
   200     001F                     _ADCON0         set	31
   201     00FA                     _GO_nDONE       set	250
   202     009E                     _ADRESL         set	158
   203     009F                     _ADCON1         set	159
   204     0085                     _TRISA          set	133
   205     0089                     _TRISE          set	137
   206     0088                     _TRISD          set	136
   207                           
   208                           	psect	strings
   209     0003                     __pstrings:
   210     0003                     stringtab:
   211     0003                     __stringtab:
   212                           
   213                           ;	String table - string pointers are 1 byte each
   214     0003  1BFF               	btfsc	btemp+1,7
   215     0004  280D               	ljmp	stringcode
   216     0005  1383               	bcf	3,7
   217     0006  187F               	btfsc	btemp+1,0
   218     0007  1783               	bsf	3,7
   219     0008  0800               	movf	0,w
   220     0009  0A84               	incf	4,f
   221     000A  1903               	skipnz
   222     000B  0AFF               	incf	btemp+1,f
   223     000C  0008               	return
   224     000D                     stringcode:
   225     000D                     stringdir:
   226     000D  3000               	movlw	high stringdir
   227     000E  008A               	movwf	10
   228     000F  0804               	movf	4,w
   229     0010  0A84               	incf	4,f
   230     0011  0782               	addwf	2,f
   231     0012                     __stringbase:
   232     0012  3400               	retlw	0
   233     0013                     __end_of__stringtab:
   234     0013                     STR_2:
   235     0013  3449               	retlw	73	;'I'
   236     0014  346E               	retlw	110	;'n'
   237     0015  3469               	retlw	105	;'i'
   238     0016  3463               	retlw	99	;'c'
   239     0017  3469               	retlw	105	;'i'
   240     0018  3461               	retlw	97	;'a'
   241     0019  346C               	retlw	108	;'l'
   242     001A  3469               	retlw	105	;'i'
   243     001B  347A               	retlw	122	;'z'
   244     001C  3461               	retlw	97	;'a'
   245     001D  346E               	retlw	110	;'n'
   246     001E  3464               	retlw	100	;'d'
   247     001F  346F               	retlw	111	;'o'
   248     0020  342E               	retlw	46	;'.'
   249     0021  342E               	retlw	46	;'.'
   250     0022  342E               	retlw	46	;'.'
   251     0023  3400               	retlw	0
   252     0024                     STR_1:
   253     0024  3420               	retlw	32	;' '
   254     0025  3420               	retlw	32	;' '
   255     0026  3441               	retlw	65	;'A'
   256     0027  3444               	retlw	68	;'D'
   257     0028  3443               	retlw	67	;'C'
   258     0029  3420               	retlw	32	;' '
   259     002A  3450               	retlw	80	;'P'
   260     002B  3449               	retlw	73	;'I'
   261     002C  3443               	retlw	67	;'C'
   262     002D  3431               	retlw	49	;'1'
   263     002E  3436               	retlw	54	;'6'
   264     002F  3446               	retlw	70	;'F'
   265     0030  3438               	retlw	56	;'8'
   266     0031  3437               	retlw	55	;'7'
   267     0032  3437               	retlw	55	;'7'
   268     0033  3441               	retlw	65	;'A'
   269     0034  3400               	retlw	0
   270     0035                     STR_6:
   271     0035  3425               	retlw	37	;'%'
   272     0036  3434               	retlw	52	;'4'
   273     0037  3475               	retlw	117	;'u'
   274     0038  3420               	retlw	32	;' '
   275     0039  346D               	retlw	109	;'m'
   276     003A  3456               	retlw	86	;'V'
   277     003B  3420               	retlw	32	;' '
   278     003C  3400               	retlw	0
   279     003D                     STR_5:
   280     003D  3425               	retlw	37	;'%'
   281     003E  3434               	retlw	52	;'4'
   282     003F  3475               	retlw	117	;'u'
   283     0040  3420               	retlw	32	;' '
   284     0041  3420               	retlw	32	;' '
   285     0042  3420               	retlw	32	;' '
   286     0043  3400               	retlw	0
   287     0044                     STR_3:
   288     0044  3452               	retlw	82	;'R'
   289     0045  3441               	retlw	65	;'A'
   290     0046  3457               	retlw	87	;'W'
   291     0047  343A               	retlw	58	;':'
   292     0048  3400               	retlw	0
   293     0049                     STR_4:
   294     0049  346D               	retlw	109	;'m'
   295     004A  3456               	retlw	86	;'V'
   296     004B  343A               	retlw	58	;':'
   297     004C  3400               	retlw	0
   298                           
   299                           	psect	cinit
   300     07F3                     start_initialization:	
   301                           ; #config settings
   302                           
   303     07F3                     __initialization:
   304                           
   305                           ; Clear objects allocated to BANK1
   306     07F3  1383               	bcf	3,7	;select IRP bank0
   307     07F4  30A0               	movlw	low __pbssBANK1
   308     07F5  0084               	movwf	4
   309     07F6  30C5               	movlw	low (__pbssBANK1+37)
   310     07F7  120A  118A  2221  120A  118A  	fcall	clear_ram0
   311     07FC                     end_of_initialization:	
   312                           ;End of C runtime variable initialization code
   313                           
   314     07FC                     __end_of__initialization:
   315     07FC  0183               	clrf	3
   316     07FD  120A  118A  2F0D   	ljmp	_main	;jump to C main() function
   317                           
   318                           	psect	bssBANK1
   319     00A0                     __pbssBANK1:
   320     00A0                     _width:
   321     00A0                     	ds	2
   322     00A2                     _prec:
   323     00A2                     	ds	2
   324     00A4                     _flags:
   325     00A4                     	ds	1
   326     00A5                     _dbuf:
   327     00A5                     	ds	32
   328                           
   329                           	psect	clrtext
   330     0221                     clear_ram0:	
   331                           ;	Called with FSR containing the base address, and
   332                           ;	W with the last address+1
   333                           
   334     0221  0064               	clrwdt	;clear the watchdog before getting into this loop
   335     0222                     clrloop0:
   336     0222  0180               	clrf	0	;clear RAM location pointed to by FSR
   337     0223  0A84               	incf	4,f	;increment pointer
   338     0224  0604               	xorwf	4,w	;XOR with final address
   339     0225  1903               	btfsc	3,2	;have we reached the end yet?
   340     0226  3400               	retlw	0	;all done for this memory range, return
   341     0227  0604               	xorwf	4,w	;XOR again to restore value
   342     0228  2A22               	goto	clrloop0	;do the next byte
   343                           
   344                           	psect	cstackCOMMON
   345     0070                     __pcstackCOMMON:
   346     0070                     ?_LCD_Init:
   347     0070                     ?_ADC_Init:	
   348                           ; 1 bytes @ 0x0
   349                           
   350     0070                     ?_LCD_Clear:	
   351                           ; 1 bytes @ 0x0
   352                           
   353     0070                     ?_LCD_Cmd:	
   354                           ; 1 bytes @ 0x0
   355                           
   356     0070                     ?_putch:	
   357                           ; 1 bytes @ 0x0
   358                           
   359     0070                     ?_main:	
   360                           ; 1 bytes @ 0x0
   361                           
   362     0070                     ?_LCD_Data:	
   363                           ; 1 bytes @ 0x0
   364                           
   365     0070                     ?_ADC_Read:	
   366                           ; 1 bytes @ 0x0
   367                           
   368     0070                     ?_fputc:	
   369                           ; 2 bytes @ 0x0
   370                           
   371     0070                     ?___wmul:	
   372                           ; 2 bytes @ 0x0
   373                           
   374     0070                     ?___lwdiv:	
   375                           ; 2 bytes @ 0x0
   376                           
   377     0070                     ?___lwmod:	
   378                           ; 2 bytes @ 0x0
   379                           
   380     0070                     ?___lmul:	
   381                           ; 2 bytes @ 0x0
   382                           
   383     0070                     putch@c:	
   384                           ; 4 bytes @ 0x0
   385                           
   386     0070                     ___wmul@multiplier:	
   387                           ; 1 bytes @ 0x0
   388                           
   389     0070                     ___lwdiv@divisor:	
   390                           ; 2 bytes @ 0x0
   391                           
   392     0070                     ___lwmod@divisor:	
   393                           ; 2 bytes @ 0x0
   394                           
   395     0070                     fputc@c:	
   396                           ; 2 bytes @ 0x0
   397                           
   398     0070                     ___lmul@multiplier:	
   399                           ; 2 bytes @ 0x0
   400                           
   401     0070                     ??_ADC_Init:	
   402                           ; 4 bytes @ 0x0
   403                           
   404     0070                     ??_LCD_Cmd:	
   405                           ; 1 bytes @ 0x0
   406                           
   407     0070                     ??_putch:	
   408                           ; 1 bytes @ 0x0
   409                           
   410     0070                     ??_LCD_Data:	
   411                           ; 1 bytes @ 0x0
   412                           
   413                           
   414                           ; 1 bytes @ 0x0
   415     0070                     	ds	2
   416     0072                     LCD_Cmd@cmd:
   417     0072                     LCD_Data@data:	
   418                           ; 1 bytes @ 0x2
   419                           
   420     0072                     ___wmul@multiplicand:	
   421                           ; 1 bytes @ 0x2
   422                           
   423     0072                     ___lwdiv@dividend:	
   424                           ; 2 bytes @ 0x2
   425                           
   426     0072                     ___lwmod@dividend:	
   427                           ; 2 bytes @ 0x2
   428                           
   429     0072                     fputc@fp:	
   430                           ; 2 bytes @ 0x2
   431                           
   432     0072                     ??_ADC_Read:	
   433                           ; 2 bytes @ 0x2
   434                           
   435                           
   436                           ; 1 bytes @ 0x2
   437     0072                     	ds	1
   438     0073                     ?_LCD_String:
   439     0073                     ?_LCD_Goto:	
   440                           ; 1 bytes @ 0x3
   441                           
   442     0073                     LCD_Goto@col:	
   443                           ; 1 bytes @ 0x3
   444                           
   445     0073                     ADC_Read@result:	
   446                           ; 1 bytes @ 0x3
   447                           
   448     0073                     LCD_String@str:	
   449                           ; 2 bytes @ 0x3
   450                           
   451     0073                     ??_LCD_Init:	
   452                           ; 2 bytes @ 0x3
   453                           
   454     0073                     ??_LCD_Clear:	
   455                           ; 1 bytes @ 0x3
   456                           
   457                           
   458                           ; 1 bytes @ 0x3
   459     0073                     	ds	1
   460     0074                     LCD_Goto@row:
   461     0074                     ___lwmod@counter:	
   462                           ; 1 bytes @ 0x4
   463                           
   464     0074                     ___wmul@product:	
   465                           ; 1 bytes @ 0x4
   466                           
   467     0074                     ___lwdiv@quotient:	
   468                           ; 2 bytes @ 0x4
   469                           
   470     0074                     ___lmul@multiplicand:	
   471                           ; 2 bytes @ 0x4
   472                           
   473     0074                     ??_LCD_Goto:	
   474                           ; 4 bytes @ 0x4
   475                           
   476     0074                     ??_fputc:	
   477                           ; 1 bytes @ 0x4
   478                           
   479     0074                     ??___wmul:	
   480                           ; 1 bytes @ 0x4
   481                           
   482     0074                     ??___lwdiv:	
   483                           ; 1 bytes @ 0x4
   484                           
   485     0074                     ??___lwmod:	
   486                           ; 1 bytes @ 0x4
   487                           
   488                           
   489                           ; 1 bytes @ 0x4
   490     0074                     	ds	1
   491     0075                     ADC_Read@channel:
   492     0075                     LCD_Goto@address:	
   493                           ; 1 bytes @ 0x5
   494                           
   495     0075                     ??_LCD_String:	
   496                           ; 1 bytes @ 0x5
   497                           
   498                           
   499                           ; 1 bytes @ 0x5
   500     0075                     	ds	1
   501     0076                     ?_read_prec_or_width:
   502     0076                     ___lwdiv@counter:	
   503                           ; 2 bytes @ 0x6
   504                           
   505     0076                     read_prec_or_width@fmt:	
   506                           ; 1 bytes @ 0x6
   507                           
   508                           
   509                           ; 1 bytes @ 0x6
   510     0076                     	ds	1
   511     0077                     read_prec_or_width@ap:
   512                           
   513                           ; 1 bytes @ 0x7
   514     0077                     	ds	1
   515     0078                     read_prec_or_width@c:
   516     0078                     ??___lmul:	
   517                           ; 1 bytes @ 0x8
   518                           
   519     0078                     ??_read_prec_or_width:	
   520                           ; 1 bytes @ 0x8
   521                           
   522                           
   523                           ; 1 bytes @ 0x8
   524     0078                     	ds	1
   525     0079                     read_prec_or_width@n:
   526     0079                     ___lmul@product:	
   527                           ; 2 bytes @ 0x9
   528                           
   529                           
   530                           ; 4 bytes @ 0x9
   531     0079                     	ds	4
   532     007D                     ??___lldiv:
   533     007D                     ??_pad:	
   534                           ; 1 bytes @ 0xD
   535                           
   536                           
   537                           ; 1 bytes @ 0xD
   538     007D                     	ds	1
   539     007E                     ??_vfprintf:
   540     007E                     ??_utoa:	
   541                           ; 1 bytes @ 0xE
   542                           
   543                           
   544                           	psect	cstackBANK0
   545     0020                     __pcstackBANK0:	
   546                           ; 1 bytes @ 0xE
   547                           
   548     0020                     ?_fputs:
   549     0020                     ?___lldiv:	
   550                           ; 2 bytes @ 0x0
   551                           
   552     0020                     fputs@s:	
   553                           ; 4 bytes @ 0x0
   554                           
   555     0020                     ___lldiv@divisor:	
   556                           ; 1 bytes @ 0x0
   557                           
   558                           
   559                           ; 4 bytes @ 0x0
   560     0020                     	ds	1
   561     0021                     fputs@fp:
   562                           
   563                           ; 2 bytes @ 0x1
   564     0021                     	ds	2
   565     0023                     ??_fputs:
   566                           
   567                           ; 1 bytes @ 0x3
   568     0023                     	ds	1
   569     0024                     ___lldiv@dividend:
   570                           
   571                           ; 4 bytes @ 0x4
   572     0024                     	ds	1
   573     0025                     fputs@c:
   574                           
   575                           ; 1 bytes @ 0x5
   576     0025                     	ds	1
   577     0026                     fputs@i:
   578                           
   579                           ; 2 bytes @ 0x6
   580     0026                     	ds	2
   581     0028                     ?_pad:
   582     0028                     pad@fp:	
   583                           ; 1 bytes @ 0x8
   584                           
   585     0028                     ___lldiv@quotient:	
   586                           ; 2 bytes @ 0x8
   587                           
   588                           
   589                           ; 4 bytes @ 0x8
   590     0028                     	ds	2
   591     002A                     pad@buf:
   592                           
   593                           ; 1 bytes @ 0xA
   594     002A                     	ds	1
   595     002B                     pad@p:
   596                           
   597                           ; 2 bytes @ 0xB
   598     002B                     	ds	1
   599     002C                     ___lldiv@counter:
   600                           
   601                           ; 1 bytes @ 0xC
   602     002C                     	ds	1
   603     002D                     pad@i:
   604                           
   605                           ; 2 bytes @ 0xD
   606     002D                     	ds	2
   607     002F                     ?_utoa:
   608     002F                     utoa@fp:	
   609                           ; 1 bytes @ 0xF
   610                           
   611                           
   612                           ; 2 bytes @ 0xF
   613     002F                     	ds	2
   614     0031                     utoa@d:
   615                           
   616                           ; 2 bytes @ 0x11
   617     0031                     	ds	2
   618     0033                     utoa@w:
   619                           
   620                           ; 2 bytes @ 0x13
   621     0033                     	ds	2
   622     0035                     utoa@p:
   623                           
   624                           ; 1 bytes @ 0x15
   625     0035                     	ds	1
   626     0036                     utoa@i:
   627                           
   628                           ; 2 bytes @ 0x16
   629     0036                     	ds	2
   630     0038                     ?_vfpfcnvrt:
   631     0038                     vfpfcnvrt@fp:	
   632                           ; 1 bytes @ 0x18
   633                           
   634                           
   635                           ; 2 bytes @ 0x18
   636     0038                     	ds	2
   637     003A                     vfpfcnvrt@fmt:
   638                           
   639                           ; 1 bytes @ 0x1A
   640     003A                     	ds	1
   641     003B                     vfpfcnvrt@ap:
   642                           
   643                           ; 1 bytes @ 0x1B
   644     003B                     	ds	1
   645     003C                     ??_vfpfcnvrt:
   646                           
   647                           ; 1 bytes @ 0x1C
   648     003C                     	ds	2
   649     003E                     vfpfcnvrt@convarg:
   650                           
   651                           ; 4 bytes @ 0x1E
   652     003E                     	ds	4
   653     0042                     vfpfcnvrt@cp:
   654                           
   655                           ; 1 bytes @ 0x22
   656     0042                     	ds	1
   657     0043                     ?_vfprintf:
   658     0043                     vfprintf@fp:	
   659                           ; 2 bytes @ 0x23
   660                           
   661                           
   662                           ; 2 bytes @ 0x23
   663     0043                     	ds	2
   664     0045                     vfprintf@fmt:
   665                           
   666                           ; 1 bytes @ 0x25
   667     0045                     	ds	1
   668     0046                     vfprintf@ap:
   669                           
   670                           ; 1 bytes @ 0x26
   671     0046                     	ds	1
   672     0047                     vfprintf@cfmt:
   673                           
   674                           ; 1 bytes @ 0x27
   675     0047                     	ds	1
   676     0048                     ?_sprintf:
   677     0048                     sprintf@s:	
   678                           ; 2 bytes @ 0x28
   679                           
   680                           
   681                           ; 1 bytes @ 0x28
   682     0048                     	ds	1
   683     0049                     sprintf@fmt:
   684                           
   685                           ; 1 bytes @ 0x29
   686     0049                     	ds	3
   687     004C                     ??_sprintf:
   688                           
   689                           ; 1 bytes @ 0x2C
   690     004C                     	ds	1
   691     004D                     sprintf@ap:
   692                           
   693                           ; 1 bytes @ 0x2D
   694     004D                     	ds	1
   695     004E                     sprintf@f:
   696                           
   697                           ; 11 bytes @ 0x2E
   698     004E                     	ds	11
   699     0059                     ??_main:
   700                           
   701                           ; 1 bytes @ 0x39
   702     0059                     	ds	3
   703     005C                     main@buffer:
   704                           
   705                           ; 16 bytes @ 0x3C
   706     005C                     	ds	16
   707     006C                     main@millivolts:
   708                           
   709                           ; 2 bytes @ 0x4C
   710     006C                     	ds	2
   711     006E                     main@adc_value:
   712                           
   713                           ; 2 bytes @ 0x4E
   714     006E                     	ds	2
   715                           
   716                           	psect	maintext
   717     070D                     __pmaintext:	
   718 ;;
   719 ;;Main: autosize = 0, tempsize = 3, incstack = 0, save=0
   720 ;;
   721 ;; *************** function _main *****************
   722 ;; Defined at:
   723 ;;		line 29 in file "adc-1.c"
   724 ;; Parameters:    Size  Location     Type
   725 ;;		None
   726 ;; Auto vars:     Size  Location     Type
   727 ;;  buffer         16   60[BANK0 ] unsigned char [16]
   728 ;;  adc_value       2   78[BANK0 ] unsigned int 
   729 ;;  millivolts      2   76[BANK0 ] unsigned int 
   730 ;; Return value:  Size  Location     Type
   731 ;;                  1    wreg      void 
   732 ;; Registers used:
   733 ;;		wreg, fsr0l, fsr0h, status,2, status,0, pclath, btemp1, cstack
   734 ;; Tracked objects:
   735 ;;		On entry : B00/0
   736 ;;		On exit  : 0/0
   737 ;;		Unchanged: 0/0
   738 ;; Data sizes:     COMMON   BANK0   BANK1   BANK3   BANK2
   739 ;;      Params:         0       0       0       0       0
   740 ;;      Locals:         0      20       0       0       0
   741 ;;      Temps:          0       3       0       0       0
   742 ;;      Totals:         0      23       0       0       0
   743 ;;Total ram usage:       23 bytes
   744 ;; Hardware stack levels required when called: 7
   745 ;; This function calls:
   746 ;;		_ADC_Init
   747 ;;		_ADC_Read
   748 ;;		_LCD_Clear
   749 ;;		_LCD_Goto
   750 ;;		_LCD_Init
   751 ;;		_LCD_String
   752 ;;		___lldiv
   753 ;;		___lmul
   754 ;;		_sprintf
   755 ;; This function is called by:
   756 ;;		Startup code after reset
   757 ;; This function uses a non-reentrant model
   758 ;;
   759                           
   760     070D                     _main:	
   761                           ;psect for function _main
   762                           
   763     070D                     l1376:	
   764                           ;incstack = 0
   765                           ; Regs used in _main: [wreg-fsr0h+status,2+status,0+pclath+btemp1+cstack]
   766                           
   767                           
   768                           ;adc-1.c: 30:     unsigned int adc_value;;adc-1.c: 31:     unsigned int millivolts;;adc-
      +                          1.c: 32:     char buffer[16];;adc-1.c: 35:     TRISD = 0x00;
   769     070D  1683               	bsf	3,5	;RP0=1, select bank1
   770     070E  1303               	bcf	3,6	;RP1=0, select bank1
   771     070F  0188               	clrf	8	;volatile
   772                           
   773                           ;adc-1.c: 36:     TRISE = 0x00;
   774     0710  0189               	clrf	9	;volatile
   775     0711                     l1378:
   776                           
   777                           ;adc-1.c: 37:     TRISA = 0xFF;
   778     0711  30FF               	movlw	255
   779     0712  0085               	movwf	5	;volatile
   780     0713                     l1380:
   781                           
   782                           ;adc-1.c: 40:     LCD_Init();
   783     0713  120A  118A  2341  120A  118A  	fcall	_LCD_Init
   784     0718                     l1382:
   785                           
   786                           ;adc-1.c: 41:     ADC_Init();
   787     0718  120A  118A  2239  120A  118A  	fcall	_ADC_Init
   788     071D                     l1384:
   789                           
   790                           ;adc-1.c: 44:     LCD_Clear();
   791     071D  120A  118A  2229  120A  118A  	fcall	_LCD_Clear
   792     0722                     l1386:
   793                           
   794                           ;adc-1.c: 45:     LCD_String("  ADC PIC16F877A");
   795     0722  3012               	movlw	(low ((STR_1-__stringbase)| (0+32768)))& (0+255)
   796     0723  00F3               	movwf	LCD_String@str
   797     0724  3080               	movlw	128
   798     0725  00F4               	movwf	LCD_String@str+1
   799     0726  120A  118A  22F4  120A  118A  	fcall	_LCD_String
   800     072B                     l1388:
   801                           
   802                           ;adc-1.c: 46:     LCD_Goto(2, 1);
   803     072B  01F3               	clrf	LCD_Goto@col
   804     072C  0AF3               	incf	LCD_Goto@col,f
   805     072D  3002               	movlw	2
   806     072E  120A  118A  224B  120A  118A  	fcall	_LCD_Goto
   807     0733                     l1390:
   808                           
   809                           ;adc-1.c: 47:     LCD_String("Inicializando...");
   810     0733  3001               	movlw	(low ((STR_2-__stringbase)| (0+32768)))& (0+255)
   811     0734  00F3               	movwf	LCD_String@str
   812     0735  3080               	movlw	128
   813     0736  00F4               	movwf	LCD_String@str+1
   814     0737  120A  118A  22F4  120A  118A  	fcall	_LCD_String
   815     073C                     l1392:
   816                           
   817                           ;adc-1.c: 48:     _delay((unsigned long)((2000)*(4000000/4000.0)));
   818     073C  300B               	movlw	11
   819     073D  1283               	bcf	3,5	;RP0=0, select bank0
   820     073E  1303               	bcf	3,6	;RP1=0, select bank0
   821     073F  00DB               	movwf	??_main+2
   822     0740  3026               	movlw	38
   823     0741  00DA               	movwf	??_main+1
   824     0742  305D               	movlw	93
   825     0743  00D9               	movwf	??_main
   826     0744                     u1057:
   827     0744  0BD9               	decfsz	??_main,f
   828     0745  2F44               	goto	u1057
   829     0746  0BDA               	decfsz	??_main+1,f
   830     0747  2F44               	goto	u1057
   831     0748  0BDB               	decfsz	??_main+2,f
   832     0749  2F44               	goto	u1057
   833     074A                     l1394:
   834                           
   835                           ;adc-1.c: 50:     LCD_Clear();
   836     074A  120A  118A  2229  120A  118A  	fcall	_LCD_Clear
   837     074F                     l1396:
   838                           
   839                           ;adc-1.c: 51:     LCD_String("RAW:");
   840     074F  3032               	movlw	(low ((STR_3-__stringbase)| (0+32768)))& (0+255)
   841     0750  00F3               	movwf	LCD_String@str
   842     0751  3080               	movlw	128
   843     0752  00F4               	movwf	LCD_String@str+1
   844     0753  120A  118A  22F4  120A  118A  	fcall	_LCD_String
   845     0758                     l1398:
   846                           
   847                           ;adc-1.c: 52:     LCD_Goto(2, 1);
   848     0758  01F3               	clrf	LCD_Goto@col
   849     0759  0AF3               	incf	LCD_Goto@col,f
   850     075A  3002               	movlw	2
   851     075B  120A  118A  224B  120A  118A  	fcall	_LCD_Goto
   852     0760                     l1400:
   853                           
   854                           ;adc-1.c: 53:     LCD_String("mV:");
   855     0760  3037               	movlw	(low ((STR_4-__stringbase)| (0+32768)))& (0+255)
   856     0761  00F3               	movwf	LCD_String@str
   857     0762  3080               	movlw	128
   858     0763  00F4               	movwf	LCD_String@str+1
   859     0764  120A  118A  22F4  120A  118A  	fcall	_LCD_String
   860     0769                     l1402:
   861                           
   862                           ;adc-1.c: 58:         adc_value = ADC_Read(0);
   863     0769  3000               	movlw	0
   864     076A  120A  118A  231A  120A  118A  	fcall	_ADC_Read
   865     076F  0871               	movf	?_ADC_Read+1,w
   866     0770  1283               	bcf	3,5	;RP0=0, select bank0
   867     0771  1303               	bcf	3,6	;RP1=0, select bank0
   868     0772  00EF               	movwf	main@adc_value+1
   869     0773  0870               	movf	?_ADC_Read,w
   870     0774  00EE               	movwf	main@adc_value
   871     0775                     l1404:
   872                           
   873                           ;adc-1.c: 62:         millivolts = (unsigned int)((unsigned long)adc_value * 5000 / 1023
      +                          );
   874     0775  3000               	movlw	0
   875     0776  00A3               	movwf	___lldiv@divisor+3
   876     0777  3000               	movlw	0
   877     0778  00A2               	movwf	___lldiv@divisor+2
   878     0779  3003               	movlw	3
   879     077A  00A1               	movwf	___lldiv@divisor+1
   880     077B  30FF               	movlw	255
   881     077C  00A0               	movwf	___lldiv@divisor
   882     077D  086E               	movf	main@adc_value,w
   883     077E  00F0               	movwf	___lmul@multiplier
   884     077F  086F               	movf	main@adc_value+1,w
   885     0780  00F1               	movwf	___lmul@multiplier+1
   886     0781  01F2               	clrf	___lmul@multiplier+2
   887     0782  01F3               	clrf	___lmul@multiplier+3
   888     0783  3000               	movlw	0
   889     0784  00F7               	movwf	___lmul@multiplicand+3
   890     0785  3000               	movlw	0
   891     0786  00F6               	movwf	___lmul@multiplicand+2
   892     0787  3013               	movlw	19
   893     0788  00F5               	movwf	___lmul@multiplicand+1
   894     0789  3088               	movlw	136
   895     078A  00F4               	movwf	___lmul@multiplicand
   896     078B  120A  118A  2411  120A  118A  	fcall	___lmul
   897     0790  0873               	movf	?___lmul+3,w
   898     0791  1283               	bcf	3,5	;RP0=0, select bank0
   899     0792  1303               	bcf	3,6	;RP1=0, select bank0
   900     0793  00A7               	movwf	___lldiv@dividend+3
   901     0794  0872               	movf	?___lmul+2,w
   902     0795  00A6               	movwf	___lldiv@dividend+2
   903     0796  0871               	movf	?___lmul+1,w
   904     0797  00A5               	movwf	___lldiv@dividend+1
   905     0798  0870               	movf	?___lmul,w
   906     0799  00A4               	movwf	___lldiv@dividend
   907     079A  120A  118A  2501  120A  118A  	fcall	___lldiv
   908     079F  1283               	bcf	3,5	;RP0=0, select bank0
   909     07A0  1303               	bcf	3,6	;RP1=0, select bank0
   910     07A1  0821               	movf	?___lldiv+1,w
   911     07A2  00ED               	movwf	main@millivolts+1
   912     07A3  0820               	movf	?___lldiv,w
   913     07A4  00EC               	movwf	main@millivolts
   914     07A5                     l1406:
   915                           
   916                           ;adc-1.c: 65:         LCD_Goto(1, 6);
   917     07A5  3006               	movlw	6
   918     07A6  00F3               	movwf	LCD_Goto@col
   919     07A7  3001               	movlw	1
   920     07A8  120A  118A  224B  120A  118A  	fcall	_LCD_Goto
   921     07AD                     l1408:
   922                           
   923                           ;adc-1.c: 66:         sprintf(buffer, "%4u   ", adc_value);
   924     07AD  305C               	movlw	(low (main@buffer| 0))& (0+255)
   925     07AE  1283               	bcf	3,5	;RP0=0, select bank0
   926     07AF  1303               	bcf	3,6	;RP1=0, select bank0
   927     07B0  00C8               	movwf	sprintf@s
   928     07B1  302B               	movlw	(low ((STR_5-__stringbase)| (0+32768)))& (0+255)
   929     07B2  00C9               	movwf	sprintf@fmt
   930     07B3  086F               	movf	main@adc_value+1,w
   931     07B4  00CB               	movwf	?_sprintf+3
   932     07B5  086E               	movf	main@adc_value,w
   933     07B6  00CA               	movwf	?_sprintf+2
   934     07B7  120A  118A  22AC  120A  118A  	fcall	_sprintf
   935     07BC                     l1410:
   936                           
   937                           ;adc-1.c: 67:         LCD_String(buffer);
   938     07BC  305C               	movlw	(low (main@buffer| 0))& (0+255)
   939     07BD  00F3               	movwf	LCD_String@str
   940     07BE  3000               	movlw	0
   941     07BF  00F4               	movwf	LCD_String@str+1
   942     07C0  120A  118A  22F4  120A  118A  	fcall	_LCD_String
   943     07C5                     l1412:
   944                           
   945                           ;adc-1.c: 70:         LCD_Goto(2, 5);
   946     07C5  3005               	movlw	5
   947     07C6  00F3               	movwf	LCD_Goto@col
   948     07C7  3002               	movlw	2
   949     07C8  120A  118A  224B  120A  118A  	fcall	_LCD_Goto
   950     07CD                     l1414:
   951                           
   952                           ;adc-1.c: 71:         sprintf(buffer, "%4u mV ", millivolts);
   953     07CD  305C               	movlw	(low (main@buffer| 0))& (0+255)
   954     07CE  1283               	bcf	3,5	;RP0=0, select bank0
   955     07CF  1303               	bcf	3,6	;RP1=0, select bank0
   956     07D0  00C8               	movwf	sprintf@s
   957     07D1  3023               	movlw	(low ((STR_6-__stringbase)| (0+32768)))& (0+255)
   958     07D2  00C9               	movwf	sprintf@fmt
   959     07D3  086D               	movf	main@millivolts+1,w
   960     07D4  00CB               	movwf	?_sprintf+3
   961     07D5  086C               	movf	main@millivolts,w
   962     07D6  00CA               	movwf	?_sprintf+2
   963     07D7  120A  118A  22AC  120A  118A  	fcall	_sprintf
   964     07DC                     l1416:
   965                           
   966                           ;adc-1.c: 72:         LCD_String(buffer);
   967     07DC  305C               	movlw	(low (main@buffer| 0))& (0+255)
   968     07DD  00F3               	movwf	LCD_String@str
   969     07DE  3000               	movlw	0
   970     07DF  00F4               	movwf	LCD_String@str+1
   971     07E0  120A  118A  22F4  120A  118A  	fcall	_LCD_String
   972     07E5                     l1418:
   973                           
   974                           ;adc-1.c: 74:         _delay((unsigned long)((100)*(4000000/4000.0)));
   975     07E5  3082               	movlw	130
   976     07E6  1283               	bcf	3,5	;RP0=0, select bank0
   977     07E7  1303               	bcf	3,6	;RP1=0, select bank0
   978     07E8  00DA               	movwf	??_main+1
   979     07E9  30DD               	movlw	221
   980     07EA  00D9               	movwf	??_main
   981     07EB                     u1067:
   982     07EB  0BD9               	decfsz	??_main,f
   983     07EC  2FEB               	goto	u1067
   984     07ED  0BDA               	decfsz	??_main+1,f
   985     07EE  2FEB               	goto	u1067
   986     07EF  2F69               	goto	l1402
   987     07F0  120A  118A  2800   	ljmp	start
   988     07F3                     __end_of_main:
   989                           
   990                           	psect	text1
   991     02AC                     __ptext1:	
   992 ;; *************** function _sprintf *****************
   993 ;; Defined at:
   994 ;;		line 9 in file "C:\Program Files\Microchip\xc8\v3.10\pic\sources\c99\common\nf_sprintf.c"
   995 ;; Parameters:    Size  Location     Type
   996 ;;  s               1   40[BANK0 ] PTR unsigned char 
   997 ;;		 -> main@buffer(16), 
   998 ;;  fmt             1   41[BANK0 ] PTR const unsigned char 
   999 ;;		 -> STR_6(8), STR_5(7), 
  1000 ;; Auto vars:     Size  Location     Type
  1001 ;;  f              11   46[BANK0 ] struct _IO_FILE
  1002 ;;  ret             2    0        int 
  1003 ;;  ap              1   45[BANK0 ] PTR void [1]
  1004 ;;		 -> ?_sprintf(2), 
  1005 ;; Return value:  Size  Location     Type
  1006 ;;                  2   40[BANK0 ] int 
  1007 ;; Registers used:
  1008 ;;		wreg, fsr0l, fsr0h, status,2, status,0, pclath, btemp1, cstack
  1009 ;; Tracked objects:
  1010 ;;		On entry : 0/0
  1011 ;;		On exit  : 0/0
  1012 ;;		Unchanged: 0/0
  1013 ;; Data sizes:     COMMON   BANK0   BANK1   BANK3   BANK2
  1014 ;;      Params:         0       4       0       0       0
  1015 ;;      Locals:         0      12       0       0       0
  1016 ;;      Temps:          0       1       0       0       0
  1017 ;;      Totals:         0      17       0       0       0
  1018 ;;Total ram usage:       17 bytes
  1019 ;; Hardware stack levels used: 1
  1020 ;; Hardware stack levels required when called: 6
  1021 ;; This function calls:
  1022 ;;		_vfprintf
  1023 ;; This function is called by:
  1024 ;;		_main
  1025 ;; This function uses a non-reentrant model
  1026 ;;
  1027                           
  1028     02AC                     _sprintf:	
  1029                           ;psect for function _sprintf
  1030                           
  1031     02AC                     l1324:	
  1032                           ;incstack = 0
  1033                           ; Regs used in _sprintf: [wreg-fsr0h+status,2+status,0+pclath+btemp1+cstack]
  1034                           
  1035     02AC  304A               	movlw	(low ((?_sprintf| 0+2)))& (0+255)
  1036     02AD  1283               	bcf	3,5	;RP0=0, select bank0
  1037     02AE  1303               	bcf	3,6	;RP1=0, select bank0
  1038     02AF  00CD               	movwf	sprintf@ap
  1039     02B0                     l1326:
  1040     02B0  0848               	movf	sprintf@s,w
  1041     02B1  00CE               	movwf	sprintf@f
  1042     02B2  3000               	movlw	0
  1043     02B3  00CF               	movwf	sprintf@f+1
  1044     02B4                     l1328:
  1045     02B4  01D0               	clrf	sprintf@f+2
  1046     02B5  01D1               	clrf	sprintf@f+3
  1047     02B6                     l1330:
  1048     02B6  01D7               	clrf	sprintf@f+9
  1049     02B7  01D8               	clrf	sprintf@f+10
  1050     02B8                     l1332:
  1051     02B8  304E               	movlw	low sprintf@f
  1052     02B9  00C3               	movwf	vfprintf@fp
  1053     02BA  3000               	movlw	high sprintf@f
  1054     02BB  00C4               	movwf	vfprintf@fp+1
  1055     02BC  0849               	movf	sprintf@fmt,w
  1056     02BD  00C5               	movwf	vfprintf@fmt
  1057     02BE  304D               	movlw	(low (sprintf@ap| 0))& (0+255)
  1058     02BF  00C6               	movwf	vfprintf@ap
  1059     02C0  120A  118A  2289  120A  118A  	fcall	_vfprintf
  1060     02C5                     l1334:
  1061     02C5  1283               	bcf	3,5	;RP0=0, select bank0
  1062     02C6  1303               	bcf	3,6	;RP1=0, select bank0
  1063     02C7  0850               	movf	sprintf@f+2,w
  1064     02C8  0748               	addwf	sprintf@s,w
  1065     02C9  00CC               	movwf	??_sprintf
  1066     02CA  084C               	movf	??_sprintf,w
  1067     02CB  0084               	movwf	4
  1068     02CC  1383               	bcf	3,7	;select IRP bank0
  1069     02CD  0180               	clrf	0
  1070     02CE                     l627:
  1071     02CE  0008               	return
  1072     02CF                     __end_of_sprintf:
  1073                           
  1074                           	psect	text2
  1075     0289                     __ptext2:	
  1076 ;; *************** function _vfprintf *****************
  1077 ;; Defined at:
  1078 ;;		line 1817 in file "C:\Program Files\Microchip\xc8\v3.10\pic\sources\c99\common\doprnt.c"
  1079 ;; Parameters:    Size  Location     Type
  1080 ;;  fp              2   35[BANK0 ] PTR struct _IO_FILE
  1081 ;;		 -> sprintf@f(11), 
  1082 ;;  fmt             1   37[BANK0 ] PTR const unsigned char 
  1083 ;;		 -> STR_6(8), STR_5(7), 
  1084 ;;  ap              1   38[BANK0 ] PTR PTR void 
  1085 ;;		 -> sprintf@ap(1), 
  1086 ;; Auto vars:     Size  Location     Type
  1087 ;;  cfmt            1   39[BANK0 ] PTR unsigned char 
  1088 ;;		 -> STR_6(8), STR_5(7), 
  1089 ;; Return value:  Size  Location     Type
  1090 ;;                  2   35[BANK0 ] int 
  1091 ;; Registers used:
  1092 ;;		wreg, fsr0l, fsr0h, status,2, status,0, pclath, btemp1, cstack
  1093 ;; Tracked objects:
  1094 ;;		On entry : 0/0
  1095 ;;		On exit  : 0/0
  1096 ;;		Unchanged: 0/0
  1097 ;; Data sizes:     COMMON   BANK0   BANK1   BANK3   BANK2
  1098 ;;      Params:         0       4       0       0       0
  1099 ;;      Locals:         0       1       0       0       0
  1100 ;;      Temps:          0       0       0       0       0
  1101 ;;      Totals:         0       5       0       0       0
  1102 ;;Total ram usage:        5 bytes
  1103 ;; Hardware stack levels used: 1
  1104 ;; Hardware stack levels required when called: 5
  1105 ;; This function calls:
  1106 ;;		_vfpfcnvrt
  1107 ;; This function is called by:
  1108 ;;		_sprintf
  1109 ;; This function uses a non-reentrant model
  1110 ;;
  1111                           
  1112     0289                     _vfprintf:	
  1113                           ;psect for function _vfprintf
  1114                           
  1115     0289                     l1270:	
  1116                           ;incstack = 0
  1117                           ; Regs used in _vfprintf: [wreg-fsr0h+status,2+status,0+pclath+btemp1+cstack]
  1118                           
  1119                           
  1120                           ;C:\Program Files\Microchip\xc8\v3.10\pic\sources\c99\common\doprnt.c: 1817: int vfprint
      +                          f(FILE *fp, const char *fmt, va_list ap);C:\Program Files\Microchip\xc8\v3.10\pic\source
      +                          s\c99\common\doprnt.c: 1818: {;C:\Program Files\Microchip\xc8\v3.10\pic\sources\c99\comm
      +                          on\doprnt.c: 1820:     char *cfmt;;C:\Program Files\Microchip\xc8\v3.10\pic\sources\c99\
      +                          common\doprnt.c: 1822:     cfmt = (char *)fmt;
  1121     0289  1283               	bcf	3,5	;RP0=0, select bank0
  1122     028A  1303               	bcf	3,6	;RP1=0, select bank0
  1123     028B  0845               	movf	vfprintf@fmt,w
  1124     028C  00C7               	movwf	vfprintf@cfmt
  1125                           
  1126                           ;C:\Program Files\Microchip\xc8\v3.10\pic\sources\c99\common\doprnt.c: 1826:     while (
      +                          *cfmt) {
  1127     028D  2A9B               	goto	l1274
  1128     028E                     l1272:
  1129                           
  1130                           ;C:\Program Files\Microchip\xc8\v3.10\pic\sources\c99\common\doprnt.c: 1830:    vfpfcnvr
      +                          t(fp, &cfmt, ap);
  1131     028E  0843               	movf	vfprintf@fp,w
  1132     028F  00B8               	movwf	vfpfcnvrt@fp
  1133     0290  0844               	movf	vfprintf@fp+1,w
  1134     0291  00B9               	movwf	vfpfcnvrt@fp+1
  1135     0292  3047               	movlw	(low (vfprintf@cfmt| 0))& (0+255)
  1136     0293  00BA               	movwf	vfpfcnvrt@fmt
  1137     0294  0846               	movf	vfprintf@ap,w
  1138     0295  00BB               	movwf	vfpfcnvrt@ap
  1139     0296  120A  118A  2672  120A  118A  	fcall	_vfpfcnvrt
  1140     029B                     l1274:
  1141                           
  1142                           ;C:\Program Files\Microchip\xc8\v3.10\pic\sources\c99\common\doprnt.c: 1826:     while (
      +                          *cfmt) {
  1143     029B  1283               	bcf	3,5	;RP0=0, select bank0
  1144     029C  1303               	bcf	3,6	;RP1=0, select bank0
  1145     029D  0847               	movf	vfprintf@cfmt,w
  1146     029E  0084               	movwf	4
  1147     029F  120A  118A  200D  120A  118A  	fcall	stringdir
  1148     02A4  3A00               	xorlw	0
  1149     02A5  1D03               	skipz
  1150     02A6  2AA8               	goto	u881
  1151     02A7  2AA9               	goto	u880
  1152     02A8                     u881:
  1153     02A8  2A8E               	goto	l1272
  1154     02A9                     u880:
  1155     02A9                     l1276:
  1156                           
  1157                           ;C:\Program Files\Microchip\xc8\v3.10\pic\sources\c99\common\doprnt.c: 1835:  return 0;
  1158     02A9  01C3               	clrf	?_vfprintf
  1159     02AA  01C4               	clrf	?_vfprintf+1
  1160     02AB                     l683:
  1161     02AB  0008               	return
  1162     02AC                     __end_of_vfprintf:
  1163                           
  1164                           	psect	text3
  1165     0672                     __ptext3:	
  1166 ;; *************** function _vfpfcnvrt *****************
  1167 ;; Defined at:
  1168 ;;		line 1177 in file "C:\Program Files\Microchip\xc8\v3.10\pic\sources\c99\common\doprnt.c"
  1169 ;; Parameters:    Size  Location     Type
  1170 ;;  fp              2   24[BANK0 ] PTR struct _IO_FILE
  1171 ;;		 -> sprintf@f(11), 
  1172 ;;  fmt             1   26[BANK0 ] PTR PTR unsigned char 
  1173 ;;		 -> vfprintf@cfmt(1), 
  1174 ;;  ap              1   27[BANK0 ] PTR PTR void 
  1175 ;;		 -> sprintf@ap(1), 
  1176 ;; Auto vars:     Size  Location     Type
  1177 ;;  convarg         4   30[BANK0 ] struct .
  1178 ;;  cp              1   34[BANK0 ] PTR unsigned char 
  1179 ;;		 -> STR_6(8), STR_5(7), 
  1180 ;;  done            1    0        _Bool 
  1181 ;;  c               1    0        unsigned char 
  1182 ;; Return value:  Size  Location     Type
  1183 ;;                  1    wreg      void 
  1184 ;; Registers used:
  1185 ;;		wreg, fsr0l, fsr0h, status,2, status,0, pclath, btemp1, cstack
  1186 ;; Tracked objects:
  1187 ;;		On entry : 0/0
  1188 ;;		On exit  : 0/0
  1189 ;;		Unchanged: 0/0
  1190 ;; Data sizes:     COMMON   BANK0   BANK1   BANK3   BANK2
  1191 ;;      Params:         0       4       0       0       0
  1192 ;;      Locals:         0       5       0       0       0
  1193 ;;      Temps:          0       2       0       0       0
  1194 ;;      Totals:         0      11       0       0       0
  1195 ;;Total ram usage:       11 bytes
  1196 ;; Hardware stack levels used: 1
  1197 ;; Hardware stack levels required when called: 4
  1198 ;; This function calls:
  1199 ;;		_fputc
  1200 ;;		_read_prec_or_width
  1201 ;;		_utoa
  1202 ;; This function is called by:
  1203 ;;		_vfprintf
  1204 ;; This function uses a non-reentrant model
  1205 ;;
  1206                           
  1207     0672                     _vfpfcnvrt:	
  1208                           ;psect for function _vfpfcnvrt
  1209                           
  1210     0672                     l1208:	
  1211                           ;incstack = 0
  1212                           ; Regs used in _vfpfcnvrt: [wreg-fsr0h+status,2+status,0+pclath+btemp1+cstack]
  1213                           
  1214                           
  1215                           ;C:\Program Files\Microchip\xc8\v3.10\pic\sources\c99\common\doprnt.c: 1177: vfpfcnvrt(F
      +                          ILE *fp, char *fmt[], va_list ap);C:\Program Files\Microchip\xc8\v3.10\pic\sources\c99\c
      +                          ommon\doprnt.c: 1178: {;C:\Program Files\Microchip\xc8\v3.10\pic\sources\c99\common\dopr
      +                          nt.c: 1179:     char c, *cp;;C:\Program Files\Microchip\xc8\v3.10\pic\sources\c99\common
      +                          \doprnt.c: 1180:     _Bool done;;C:\Program Files\Microchip\xc8\v3.10\pic\sources\c99\co
      +                          mmon\doprnt.c: 1188:  } convarg;;C:\Program Files\Microchip\xc8\v3.10\pic\sources\c99\co
      +                          mmon\doprnt.c: 1201:     if ((*fmt)[0] == '%') {
  1216     0672  1283               	bcf	3,5	;RP0=0, select bank0
  1217     0673  1303               	bcf	3,6	;RP1=0, select bank0
  1218     0674  083A               	movf	vfpfcnvrt@fmt,w
  1219     0675  0084               	movwf	4
  1220     0676  1383               	bcf	3,7	;select IRP bank0
  1221     0677  0800               	movf	0,w
  1222     0678  0084               	movwf	4
  1223     0679  120A  118A  200D  120A  118A  	fcall	stringdir
  1224     067E  3A25               	xorlw	37
  1225     067F  1D03               	skipz
  1226     0680  2E82               	goto	u851
  1227     0681  2E83               	goto	u850
  1228     0682                     u851:
  1229     0682  2EF3               	goto	l1244
  1230     0683                     u850:
  1231     0683                     l1210:
  1232                           
  1233                           ;C:\Program Files\Microchip\xc8\v3.10\pic\sources\c99\common\doprnt.c: 1202:         ++*
      +                          fmt;
  1234     0683  083A               	movf	vfpfcnvrt@fmt,w
  1235     0684  0084               	movwf	4
  1236     0685  3001               	movlw	1
  1237     0686  0780               	addwf	0,f
  1238     0687                     l1212:
  1239                           
  1240                           ;C:\Program Files\Microchip\xc8\v3.10\pic\sources\c99\common\doprnt.c: 1204:         fla
      +                          gs = width = 0;
  1241     0687  1683               	bsf	3,5	;RP0=1, select bank1
  1242     0688  1303               	bcf	3,6	;RP1=0, select bank1
  1243     0689  01A0               	clrf	_width^(0+128)
  1244     068A  01A1               	clrf	(_width+1)^(0+128)
  1245     068B  3000               	movlw	0
  1246     068C  00A4               	movwf	_flags^(0+128)
  1247     068D                     l1214:
  1248                           
  1249                           ;C:\Program Files\Microchip\xc8\v3.10\pic\sources\c99\common\doprnt.c: 1205:         pre
      +                          c = -1;
  1250     068D  30FF               	movlw	255
  1251     068E  00A2               	movwf	_prec^(0+128)
  1252     068F  30FF               	movlw	255
  1253     0690  00A3               	movwf	(_prec^(0+128)+1)
  1254     0691                     l1216:
  1255                           
  1256                           ;C:\Program Files\Microchip\xc8\v3.10\pic\sources\c99\common\doprnt.c: 1256:   width = r
      +                          ead_prec_or_width(fmt, ap);
  1257     0691  1283               	bcf	3,5	;RP0=0, select bank0
  1258     0692  1303               	bcf	3,6	;RP1=0, select bank0
  1259     0693  083A               	movf	vfpfcnvrt@fmt,w
  1260     0694  00F6               	movwf	read_prec_or_width@fmt
  1261     0695  083B               	movf	vfpfcnvrt@ap,w
  1262     0696  00F7               	movwf	read_prec_or_width@ap
  1263     0697  120A  118A  2457  120A  118A  	fcall	_read_prec_or_width
  1264     069C  0877               	movf	?_read_prec_or_width+1,w
  1265     069D  1683               	bsf	3,5	;RP0=1, select bank1
  1266     069E  1303               	bcf	3,6	;RP1=0, select bank1
  1267     069F  00A1               	movwf	(_width+1)^(0+128)
  1268     06A0  0876               	movf	?_read_prec_or_width,w
  1269     06A1  00A0               	movwf	_width^(0+128)
  1270     06A2                     l1218:
  1271                           
  1272                           ;C:\Program Files\Microchip\xc8\v3.10\pic\sources\c99\common\doprnt.c: 1257:   if (width
      +                           < 0) {
  1273     06A2  1FA1               	btfss	(_width+1)^(0+128),7
  1274     06A3  2EA5               	goto	u861
  1275     06A4  2EA6               	goto	u860
  1276     06A5                     u861:
  1277     06A5  2EAC               	goto	l1224
  1278     06A6                     u860:
  1279     06A6                     l1220:
  1280                           
  1281                           ;C:\Program Files\Microchip\xc8\v3.10\pic\sources\c99\common\doprnt.c: 1258:    flags |=
      +                           (1 << 0);
  1282     06A6  1424               	bsf	_flags^(0+128),0
  1283     06A7                     l1222:
  1284                           
  1285                           ;C:\Program Files\Microchip\xc8\v3.10\pic\sources\c99\common\doprnt.c: 1259:    width = 
      +                          -width;
  1286     06A7  09A0               	comf	_width^(0+128),f
  1287     06A8  09A1               	comf	(_width+1)^(0+128),f
  1288     06A9  0AA0               	incf	_width^(0+128),f
  1289     06AA  1903               	skipnz
  1290     06AB  0AA1               	incf	(_width+1)^(0+128),f
  1291     06AC                     l1224:
  1292                           
  1293                           ;C:\Program Files\Microchip\xc8\v3.10\pic\sources\c99\common\doprnt.c: 1439:   if (0
  1294     06AC  1283               	bcf	3,5	;RP0=0, select bank0
  1295     06AD  1303               	bcf	3,6	;RP1=0, select bank0
  1296     06AE  083A               	movf	vfpfcnvrt@fmt,w
  1297     06AF  0084               	movwf	4
  1298     06B0  1383               	bcf	3,7	;select IRP bank0
  1299     06B1  0800               	movf	0,w
  1300     06B2  00C2               	movwf	vfpfcnvrt@cp
  1301     06B3                     l1226:
  1302     06B3  0842               	movf	vfpfcnvrt@cp,w
  1303     06B4  0084               	movwf	4
  1304     06B5  120A  118A  200D  120A  118A  	fcall	stringdir
  1305     06BA  3A75               	xorlw	117
  1306     06BB  1D03               	skipz
  1307     06BC  2EBE               	goto	u871
  1308     06BD  2EBF               	goto	u870
  1309     06BE                     u871:
  1310     06BE  2EEB               	goto	l1240
  1311     06BF                     u870:
  1312     06BF                     l1228:
  1313                           
  1314                           ;C:\Program Files\Microchip\xc8\v3.10\pic\sources\c99\common\doprnt.c: 1452:     ) {;C:\
      +                          Program Files\Microchip\xc8\v3.10\pic\sources\c99\common\doprnt.c: 1495:    convarg.uint
      +                           = (vfpf_uint_t)(unsigned int)(*(unsigned int *)__va_arg(*(unsigned int **)ap, (unsigned
      +                           int)0));
  1315     06BF  083B               	movf	vfpfcnvrt@ap,w
  1316     06C0  0084               	movwf	4
  1317     06C1  0800               	movf	0,w
  1318     06C2  00FF               	movwf	btemp1
  1319     06C3  3002               	movlw	2
  1320     06C4  0780               	addwf	0,f
  1321     06C5  087F               	movf	btemp1,w
  1322     06C6  0084               	movwf	4
  1323     06C7  0800               	movf	0,w
  1324     06C8  00BE               	movwf	vfpfcnvrt@convarg
  1325     06C9  0A84               	incf	4,f
  1326     06CA  0800               	movf	0,w
  1327     06CB  00BF               	movwf	vfpfcnvrt@convarg+1
  1328     06CC                     l1230:
  1329                           
  1330                           ;C:\Program Files\Microchip\xc8\v3.10\pic\sources\c99\common\doprnt.c: 1497:    *fmt = c
      +                          p+1;
  1331     06CC  083A               	movf	vfpfcnvrt@fmt,w
  1332     06CD  0084               	movwf	4
  1333     06CE  0842               	movf	vfpfcnvrt@cp,w
  1334     06CF  3E01               	addlw	1
  1335     06D0  0080               	movwf	0
  1336                           
  1337                           ;C:\Program Files\Microchip\xc8\v3.10\pic\sources\c99\common\doprnt.c: 1498:    switch (
      +                          *cp) {
  1338     06D1  2EE0               	goto	l1238
  1339     06D2                     l1232:
  1340                           
  1341                           ;C:\Program Files\Microchip\xc8\v3.10\pic\sources\c99\common\doprnt.c: 1542:      return
      +                           (void) utoa(fp, convarg.uint);;	Return value of _vfpfcnvrt is never used
  1342     06D2  0838               	movf	vfpfcnvrt@fp,w
  1343     06D3  00AF               	movwf	utoa@fp
  1344     06D4  0839               	movf	vfpfcnvrt@fp+1,w
  1345     06D5  00B0               	movwf	utoa@fp+1
  1346     06D6  083F               	movf	vfpfcnvrt@convarg+1,w
  1347     06D7  00B2               	movwf	utoa@d+1
  1348     06D8  083E               	movf	vfpfcnvrt@convarg,w
  1349     06D9  00B1               	movwf	utoa@d
  1350     06DA  120A  118A  2567  120A  118A  	fcall	_utoa
  1351     06DF  2F0C               	goto	l676
  1352     06E0                     l1238:
  1353     06E0  0842               	movf	vfpfcnvrt@cp,w
  1354     06E1  0084               	movwf	4
  1355     06E2  120A  118A  200D  120A  118A  	fcall	stringdir
  1356                           
  1357                           ; Switch size 1, requested type "simple"
  1358                           ; Number of cases is 1, Range of values is 117 to 117
  1359                           ; switch strategies available:
  1360                           ; Name         Instructions Cycles
  1361                           ; simple_byte            4     3 (average)
  1362                           ; direct_byte           14    11 (fixed)
  1363                           ; jumptable            263     9 (fixed)
  1364                           ;	Chosen strategy is simple_byte
  1365     06E7  3A75               	xorlw	117	; case 117
  1366     06E8  1903               	skipnz
  1367     06E9  2ED2               	goto	l1232
  1368     06EA  2EEB               	goto	l1240
  1369     06EB                     l1240:
  1370                           
  1371                           ;C:\Program Files\Microchip\xc8\v3.10\pic\sources\c99\common\doprnt.c: 1806:         ++*
      +                          fmt;
  1372     06EB  1283               	bcf	3,5	;RP0=0, select bank0
  1373     06EC  1303               	bcf	3,6	;RP1=0, select bank0
  1374     06ED  083A               	movf	vfpfcnvrt@fmt,w
  1375     06EE  0084               	movwf	4
  1376     06EF  3001               	movlw	1
  1377     06F0  1383               	bcf	3,7	;select IRP bank0
  1378     06F1  0780               	addwf	0,f
  1379     06F2  2F0C               	goto	l676
  1380     06F3                     l1244:
  1381                           
  1382                           ;C:\Program Files\Microchip\xc8\v3.10\pic\sources\c99\common\doprnt.c: 1811:     fputc((
      +                          int)(*fmt)[0], fp);
  1383     06F3  083A               	movf	vfpfcnvrt@fmt,w
  1384     06F4  0084               	movwf	4
  1385     06F5  0800               	movf	0,w
  1386     06F6  0084               	movwf	4
  1387     06F7  120A  118A  200D  120A  118A  	fcall	stringdir
  1388     06FC  00BC               	movwf	??_vfpfcnvrt
  1389     06FD  01BD               	clrf	??_vfpfcnvrt+1
  1390     06FE  083C               	movf	??_vfpfcnvrt,w
  1391     06FF  00F0               	movwf	fputc@c
  1392     0700  083D               	movf	??_vfpfcnvrt+1,w
  1393     0701  00F1               	movwf	fputc@c+1
  1394     0702  0838               	movf	vfpfcnvrt@fp,w
  1395     0703  00F2               	movwf	fputc@fp
  1396     0704  0839               	movf	vfpfcnvrt@fp+1,w
  1397     0705  00F3               	movwf	fputc@fp+1
  1398     0706  120A  118A  25D8  120A  118A  	fcall	_fputc
  1399     070B  2EEB               	goto	l1240
  1400     070C                     l676:
  1401     070C  0008               	return
  1402     070D                     __end_of_vfpfcnvrt:
  1403                           
  1404                           	psect	text4
  1405     0567                     __ptext4:	
  1406 ;; *************** function _utoa *****************
  1407 ;; Defined at:
  1408 ;;		line 1001 in file "C:\Program Files\Microchip\xc8\v3.10\pic\sources\c99\common\doprnt.c"
  1409 ;; Parameters:    Size  Location     Type
  1410 ;;  fp              2   15[BANK0 ] PTR struct _IO_FILE
  1411 ;;		 -> sprintf@f(11), 
  1412 ;;  d               2   17[BANK0 ] unsigned int 
  1413 ;; Auto vars:     Size  Location     Type
  1414 ;;  i               2   22[BANK0 ] int 
  1415 ;;  w               2   19[BANK0 ] int 
  1416 ;;  p               1   21[BANK0 ] _Bool 
  1417 ;; Return value:  Size  Location     Type
  1418 ;;                  1    wreg      void 
  1419 ;; Registers used:
  1420 ;;		wreg, fsr0l, fsr0h, status,2, status,0, pclath, cstack
  1421 ;; Tracked objects:
  1422 ;;		On entry : 0/0
  1423 ;;		On exit  : 0/0
  1424 ;;		Unchanged: 0/0
  1425 ;; Data sizes:     COMMON   BANK0   BANK1   BANK3   BANK2
  1426 ;;      Params:         0       4       0       0       0
  1427 ;;      Locals:         0       5       0       0       0
  1428 ;;      Temps:          0       0       0       0       0
  1429 ;;      Totals:         0       9       0       0       0
  1430 ;;Total ram usage:        9 bytes
  1431 ;; Hardware stack levels used: 1
  1432 ;; Hardware stack levels required when called: 3
  1433 ;; This function calls:
  1434 ;;		___lwdiv
  1435 ;;		___lwmod
  1436 ;;		_pad
  1437 ;; This function is called by:
  1438 ;;		_vfpfcnvrt
  1439 ;; This function uses a non-reentrant model
  1440 ;;
  1441                           
  1442     0567                     _utoa:	
  1443                           ;psect for function _utoa
  1444                           
  1445     0567                     l1164:	
  1446                           ;incstack = 0
  1447                           ; Regs used in _utoa: [wreg-fsr0h+status,2+status,0+pclath+cstack]
  1448                           
  1449                           
  1450                           ;C:\Program Files\Microchip\xc8\v3.10\pic\sources\c99\common\doprnt.c: 1001: static void
      +                           utoa(FILE *fp, vfpf_uint_t d);C:\Program Files\Microchip\xc8\v3.10\pic\sources\c99\comm
      +                          on\doprnt.c: 1002: {;C:\Program Files\Microchip\xc8\v3.10\pic\sources\c99\common\doprnt.
      +                          c: 1003:     int i, w;;C:\Program Files\Microchip\xc8\v3.10\pic\sources\c99\common\doprn
      +                          t.c: 1007:  _Bool p = 1;
  1451     0567  3001               	movlw	1
  1452     0568  1283               	bcf	3,5	;RP0=0, select bank0
  1453     0569  1303               	bcf	3,6	;RP1=0, select bank0
  1454     056A  00B5               	movwf	utoa@p
  1455     056B                     l1166:
  1456                           
  1457                           ;C:\Program Files\Microchip\xc8\v3.10\pic\sources\c99\common\doprnt.c: 1019:     w = wid
      +                          th;
  1458     056B  1683               	bsf	3,5	;RP0=1, select bank1
  1459     056C  1303               	bcf	3,6	;RP1=0, select bank1
  1460     056D  0821               	movf	(_width+1)^(0+128),w
  1461     056E  1283               	bcf	3,5	;RP0=0, select bank0
  1462     056F  1303               	bcf	3,6	;RP1=0, select bank0
  1463     0570  00B4               	movwf	utoa@w+1
  1464     0571  1683               	bsf	3,5	;RP0=1, select bank1
  1465     0572  1303               	bcf	3,6	;RP1=0, select bank1
  1466     0573  0820               	movf	_width^(0+128),w
  1467     0574  1283               	bcf	3,5	;RP0=0, select bank0
  1468     0575  1303               	bcf	3,6	;RP1=0, select bank0
  1469     0576  00B3               	movwf	utoa@w
  1470                           
  1471                           ;C:\Program Files\Microchip\xc8\v3.10\pic\sources\c99\common\doprnt.c: 1022:     i = siz
      +                          eof(dbuf) - 1;
  1472     0577  301F               	movlw	31
  1473     0578  00B6               	movwf	utoa@i
  1474     0579  3000               	movlw	0
  1475     057A  00B7               	movwf	utoa@i+1
  1476     057B                     l1168:
  1477                           
  1478                           ;C:\Program Files\Microchip\xc8\v3.10\pic\sources\c99\common\doprnt.c: 1023:     dbuf[i]
      +                           = '\0';
  1479     057B  1683               	bsf	3,5	;RP0=1, select bank1
  1480     057C  1303               	bcf	3,6	;RP1=0, select bank1
  1481     057D  01C4               	clrf	(_dbuf^(0+128)+31)
  1482                           
  1483                           ;C:\Program Files\Microchip\xc8\v3.10\pic\sources\c99\common\doprnt.c: 1024:     while (
      +                          i && (d != 0
  1484     057E  2DB5               	goto	l1180
  1485     057F                     l1170:
  1486                           
  1487                           ;C:\Program Files\Microchip\xc8\v3.10\pic\sources\c99\common\doprnt.c: 1033:     )) {;C:
      +                          \Program Files\Microchip\xc8\v3.10\pic\sources\c99\common\doprnt.c: 1034:         --i;
  1488     057F  30FF               	movlw	255
  1489     0580  07B6               	addwf	utoa@i,f
  1490     0581  1803               	skipnc
  1491     0582  0AB7               	incf	utoa@i+1,f
  1492     0583  30FF               	movlw	255
  1493     0584  07B7               	addwf	utoa@i+1,f
  1494     0585                     l1172:
  1495                           
  1496                           ;C:\Program Files\Microchip\xc8\v3.10\pic\sources\c99\common\doprnt.c: 1035:         dbu
      +                          f[i] = '0' + (d % 10);
  1497     0585  0836               	movf	utoa@i,w
  1498     0586  3EA5               	addlw	(low (_dbuf| 0))& (0+255)
  1499     0587  0084               	movwf	4
  1500     0588  300A               	movlw	10
  1501     0589  00F0               	movwf	___lwmod@divisor
  1502     058A  3000               	movlw	0
  1503     058B  00F1               	movwf	___lwmod@divisor+1
  1504     058C  0832               	movf	utoa@d+1,w
  1505     058D  00F3               	movwf	___lwmod@dividend+1
  1506     058E  0831               	movf	utoa@d,w
  1507     058F  00F2               	movwf	___lwmod@dividend
  1508     0590  120A  118A  2397  120A  118A  	fcall	___lwmod
  1509     0595  0870               	movf	?___lwmod,w
  1510     0596  3E30               	addlw	48
  1511     0597  1383               	bcf	3,7	;select IRP bank1
  1512     0598  0080               	movwf	0
  1513     0599                     l1174:
  1514                           
  1515                           ;C:\Program Files\Microchip\xc8\v3.10\pic\sources\c99\common\doprnt.c: 1039:   p = 0;
  1516     0599  1283               	bcf	3,5	;RP0=0, select bank0
  1517     059A  1303               	bcf	3,6	;RP1=0, select bank0
  1518     059B  01B5               	clrf	utoa@p
  1519     059C                     l1176:
  1520                           
  1521                           ;C:\Program Files\Microchip\xc8\v3.10\pic\sources\c99\common\doprnt.c: 1041:         --w
      +                          ;
  1522     059C  30FF               	movlw	255
  1523     059D  07B3               	addwf	utoa@w,f
  1524     059E  1803               	skipnc
  1525     059F  0AB4               	incf	utoa@w+1,f
  1526     05A0  30FF               	movlw	255
  1527     05A1  07B4               	addwf	utoa@w+1,f
  1528     05A2                     l1178:
  1529                           
  1530                           ;C:\Program Files\Microchip\xc8\v3.10\pic\sources\c99\common\doprnt.c: 1042:         d =
      +                           d / 10;
  1531     05A2  300A               	movlw	10
  1532     05A3  00F0               	movwf	___lwdiv@divisor
  1533     05A4  3000               	movlw	0
  1534     05A5  00F1               	movwf	___lwdiv@divisor+1
  1535     05A6  0832               	movf	utoa@d+1,w
  1536     05A7  00F3               	movwf	___lwdiv@dividend+1
  1537     05A8  0831               	movf	utoa@d,w
  1538     05A9  00F2               	movwf	___lwdiv@dividend
  1539     05AA  120A  118A  23CF  120A  118A  	fcall	___lwdiv
  1540     05AF  0871               	movf	?___lwdiv+1,w
  1541     05B0  1283               	bcf	3,5	;RP0=0, select bank0
  1542     05B1  1303               	bcf	3,6	;RP1=0, select bank0
  1543     05B2  00B2               	movwf	utoa@d+1
  1544     05B3  0870               	movf	?___lwdiv,w
  1545     05B4  00B1               	movwf	utoa@d
  1546     05B5                     l1180:
  1547                           
  1548                           ;C:\Program Files\Microchip\xc8\v3.10\pic\sources\c99\common\doprnt.c: 1024:     while (
      +                          i && (d != 0
  1549     05B5  1283               	bcf	3,5	;RP0=0, select bank0
  1550     05B6  0836               	movf	utoa@i,w
  1551     05B7  0437               	iorwf	utoa@i+1,w
  1552     05B8  1903               	btfsc	3,2
  1553     05B9  2DBB               	goto	u801
  1554     05BA  2DBC               	goto	u800
  1555     05BB                     u801:
  1556     05BB  2DC7               	goto	l1186
  1557     05BC                     u800:
  1558     05BC                     l1182:
  1559     05BC  0831               	movf	utoa@d,w
  1560     05BD  0432               	iorwf	utoa@d+1,w
  1561     05BE  1D03               	btfss	3,2
  1562     05BF  2DC1               	goto	u811
  1563     05C0  2DC2               	goto	u810
  1564     05C1                     u811:
  1565     05C1  2D7F               	goto	l1170
  1566     05C2                     u810:
  1567     05C2                     l1184:
  1568     05C2  0835               	movf	utoa@p,w
  1569     05C3  1D03               	btfss	3,2
  1570     05C4  2DC6               	goto	u821
  1571     05C5  2DC7               	goto	u820
  1572     05C6                     u821:
  1573     05C6  2D7F               	goto	l1170
  1574     05C7                     u820:
  1575     05C7                     l1186:
  1576                           
  1577                           ;C:\Program Files\Microchip\xc8\v3.10\pic\sources\c99\common\doprnt.c: 1046:     return 
      +                          (void) pad(fp, &dbuf[i], w);
  1578     05C7  082F               	movf	utoa@fp,w
  1579     05C8  00A8               	movwf	pad@fp
  1580     05C9  0830               	movf	utoa@fp+1,w
  1581     05CA  00A9               	movwf	pad@fp+1
  1582     05CB  0836               	movf	utoa@i,w
  1583     05CC  3EA5               	addlw	(low (_dbuf| 0))& (0+255)
  1584     05CD  00AA               	movwf	pad@buf
  1585     05CE  0834               	movf	utoa@w+1,w
  1586     05CF  00AC               	movwf	pad@p+1
  1587     05D0  0833               	movf	utoa@w,w
  1588     05D1  00AB               	movwf	pad@p
  1589     05D2  120A  118A  24AA  120A  118A  	fcall	_pad
  1590     05D7                     l658:
  1591     05D7  0008               	return
  1592     05D8                     __end_of_utoa:
  1593                           
  1594                           	psect	text5
  1595     04AA                     __ptext5:	
  1596 ;; *************** function _pad *****************
  1597 ;; Defined at:
  1598 ;;		line 193 in file "C:\Program Files\Microchip\xc8\v3.10\pic\sources\c99\common\doprnt.c"
  1599 ;; Parameters:    Size  Location     Type
  1600 ;;  fp              2    8[BANK0 ] PTR struct _IO_FILE
  1601 ;;		 -> sprintf@f(11), 
  1602 ;;  buf             1   10[BANK0 ] PTR unsigned char 
  1603 ;;		 -> dbuf(32), 
  1604 ;;  p               2   11[BANK0 ] int 
  1605 ;; Auto vars:     Size  Location     Type
  1606 ;;  i               2   13[BANK0 ] int 
  1607 ;; Return value:  Size  Location     Type
  1608 ;;                  1    wreg      void 
  1609 ;; Registers used:
  1610 ;;		wreg, fsr0l, fsr0h, status,2, status,0, pclath, cstack
  1611 ;; Tracked objects:
  1612 ;;		On entry : 0/0
  1613 ;;		On exit  : 0/0
  1614 ;;		Unchanged: 0/0
  1615 ;; Data sizes:     COMMON   BANK0   BANK1   BANK3   BANK2
  1616 ;;      Params:         0       5       0       0       0
  1617 ;;      Locals:         0       2       0       0       0
  1618 ;;      Temps:          1       0       0       0       0
  1619 ;;      Totals:         1       7       0       0       0
  1620 ;;Total ram usage:        8 bytes
  1621 ;; Hardware stack levels used: 1
  1622 ;; Hardware stack levels required when called: 2
  1623 ;; This function calls:
  1624 ;;		_fputc
  1625 ;;		_fputs
  1626 ;; This function is called by:
  1627 ;;		_utoa
  1628 ;; This function uses a non-reentrant model
  1629 ;;
  1630                           
  1631     04AA                     _pad:	
  1632                           ;psect for function _pad
  1633                           
  1634     04AA                     l1148:	
  1635                           ;incstack = 0
  1636                           ; Regs used in _pad: [wreg-fsr0h+status,2+status,0+pclath+cstack]
  1637                           
  1638                           
  1639                           ;C:\Program Files\Microchip\xc8\v3.10\pic\sources\c99\common\doprnt.c: 193: static void 
      +                          pad(FILE *fp, char *buf, int p);C:\Program Files\Microchip\xc8\v3.10\pic\sources\c99\com
      +                          mon\doprnt.c: 194: {;C:\Program Files\Microchip\xc8\v3.10\pic\sources\c99\common\doprnt.
      +                          c: 195:     int i;;C:\Program Files\Microchip\xc8\v3.10\pic\sources\c99\common\doprnt.c:
      +                           199:     if (flags & (1 << 0)) {
  1640     04AA  1683               	bsf	3,5	;RP0=1, select bank1
  1641     04AB  1303               	bcf	3,6	;RP1=0, select bank1
  1642     04AC  1C24               	btfss	_flags^(0+128),0
  1643     04AD  2CAF               	goto	u761
  1644     04AE  2CB0               	goto	u760
  1645     04AF                     u761:
  1646     04AF  2CBD               	goto	l1152
  1647     04B0                     u760:
  1648     04B0                     l1150:
  1649                           
  1650                           ;C:\Program Files\Microchip\xc8\v3.10\pic\sources\c99\common\doprnt.c: 200:         fput
      +                          s((const char *)buf, fp);
  1651     04B0  1283               	bcf	3,5	;RP0=0, select bank0
  1652     04B1  1303               	bcf	3,6	;RP1=0, select bank0
  1653     04B2  082A               	movf	pad@buf,w
  1654     04B3  00A0               	movwf	fputs@s
  1655     04B4  0828               	movf	pad@fp,w
  1656     04B5  00A1               	movwf	fputs@fp
  1657     04B6  0829               	movf	pad@fp+1,w
  1658     04B7  00A2               	movwf	fputs@fp+1
  1659     04B8  120A  118A  236C  120A  118A  	fcall	_fputs
  1660     04BD                     l1152:
  1661                           
  1662                           ;C:\Program Files\Microchip\xc8\v3.10\pic\sources\c99\common\doprnt.c: 205:  if (p < 0) 
      +                          {
  1663     04BD  1283               	bcf	3,5	;RP0=0, select bank0
  1664     04BE  1303               	bcf	3,6	;RP1=0, select bank0
  1665     04BF  1FAC               	btfss	pad@p+1,7
  1666     04C0  2CC2               	goto	u771
  1667     04C1  2CC3               	goto	u770
  1668     04C2                     u771:
  1669     04C2  2CC5               	goto	l645
  1670     04C3                     u770:
  1671     04C3                     l1154:
  1672                           
  1673                           ;C:\Program Files\Microchip\xc8\v3.10\pic\sources\c99\common\doprnt.c: 206:   p = 0;
  1674     04C3  01AB               	clrf	pad@p
  1675     04C4  01AC               	clrf	pad@p+1
  1676     04C5                     l645:	
  1677                           ;C:\Program Files\Microchip\xc8\v3.10\pic\sources\c99\common\doprnt.c: 207:  }
  1678                           
  1679                           
  1680                           ;C:\Program Files\Microchip\xc8\v3.10\pic\sources\c99\common\doprnt.c: 208:     i = 0;
  1681     04C5  01AD               	clrf	pad@i
  1682     04C6  01AE               	clrf	pad@i+1
  1683                           
  1684                           ;C:\Program Files\Microchip\xc8\v3.10\pic\sources\c99\common\doprnt.c: 209:     while (i
      +                           < p) {
  1685     04C7  2CDF               	goto	l1160
  1686     04C8                     l1156:
  1687                           
  1688                           ;C:\Program Files\Microchip\xc8\v3.10\pic\sources\c99\common\doprnt.c: 210:         fput
      +                          c(' ', fp);
  1689     04C8  3020               	movlw	32
  1690     04C9  00F0               	movwf	fputc@c
  1691     04CA  3000               	movlw	0
  1692     04CB  00F1               	movwf	fputc@c+1
  1693     04CC  1283               	bcf	3,5	;RP0=0, select bank0
  1694     04CD  1303               	bcf	3,6	;RP1=0, select bank0
  1695     04CE  0828               	movf	pad@fp,w
  1696     04CF  00F2               	movwf	fputc@fp
  1697     04D0  0829               	movf	pad@fp+1,w
  1698     04D1  00F3               	movwf	fputc@fp+1
  1699     04D2  120A  118A  25D8  120A  118A  	fcall	_fputc
  1700     04D7                     l1158:
  1701                           
  1702                           ;C:\Program Files\Microchip\xc8\v3.10\pic\sources\c99\common\doprnt.c: 211:         ++i;
  1703     04D7  3001               	movlw	1
  1704     04D8  1283               	bcf	3,5	;RP0=0, select bank0
  1705     04D9  1303               	bcf	3,6	;RP1=0, select bank0
  1706     04DA  07AD               	addwf	pad@i,f
  1707     04DB  1803               	skipnc
  1708     04DC  0AAE               	incf	pad@i+1,f
  1709     04DD  3000               	movlw	0
  1710     04DE  07AE               	addwf	pad@i+1,f
  1711     04DF                     l1160:
  1712                           
  1713                           ;C:\Program Files\Microchip\xc8\v3.10\pic\sources\c99\common\doprnt.c: 209:     while (i
      +                           < p) {
  1714     04DF  082E               	movf	pad@i+1,w
  1715     04E0  3A80               	xorlw	128
  1716     04E1  00FD               	movwf	??_pad
  1717     04E2  082C               	movf	pad@p+1,w
  1718     04E3  3A80               	xorlw	128
  1719     04E4  027D               	subwf	??_pad,w
  1720     04E5  1D03               	skipz
  1721     04E6  2CE9               	goto	u785
  1722     04E7  082B               	movf	pad@p,w
  1723     04E8  022D               	subwf	pad@i,w
  1724     04E9                     u785:
  1725     04E9  1C03               	skipc
  1726     04EA  2CEC               	goto	u781
  1727     04EB  2CED               	goto	u780
  1728     04EC                     u781:
  1729     04EC  2CC8               	goto	l1156
  1730     04ED                     u780:
  1731     04ED                     l648:
  1732                           
  1733                           ;C:\Program Files\Microchip\xc8\v3.10\pic\sources\c99\common\doprnt.c: 216:     if (!(fl
      +                          ags & (1 << 0))) {
  1734     04ED  1683               	bsf	3,5	;RP0=1, select bank1
  1735     04EE  1303               	bcf	3,6	;RP1=0, select bank1
  1736     04EF  1824               	btfsc	_flags^(0+128),0
  1737     04F0  2CF2               	goto	u791
  1738     04F1  2CF3               	goto	u790
  1739     04F2                     u791:
  1740     04F2  2D00               	goto	l650
  1741     04F3                     u790:
  1742     04F3                     l1162:
  1743                           
  1744                           ;C:\Program Files\Microchip\xc8\v3.10\pic\sources\c99\common\doprnt.c: 218:         fput
      +                          s((const char *)buf, fp);
  1745     04F3  1283               	bcf	3,5	;RP0=0, select bank0
  1746     04F4  1303               	bcf	3,6	;RP1=0, select bank0
  1747     04F5  082A               	movf	pad@buf,w
  1748     04F6  00A0               	movwf	fputs@s
  1749     04F7  0828               	movf	pad@fp,w
  1750     04F8  00A1               	movwf	fputs@fp
  1751     04F9  0829               	movf	pad@fp+1,w
  1752     04FA  00A2               	movwf	fputs@fp+1
  1753     04FB  120A  118A  236C  120A  118A  	fcall	_fputs
  1754     0500                     l650:
  1755     0500  0008               	return
  1756     0501                     __end_of_pad:
  1757                           
  1758                           	psect	text6
  1759     036C                     __ptext6:	
  1760 ;; *************** function _fputs *****************
  1761 ;; Defined at:
  1762 ;;		line 8 in file "C:\Program Files\Microchip\xc8\v3.10\pic\sources\c99\common\nf_fputs.c"
  1763 ;; Parameters:    Size  Location     Type
  1764 ;;  s               1    0[BANK0 ] PTR const unsigned char 
  1765 ;;		 -> dbuf(32), 
  1766 ;;  fp              2    1[BANK0 ] PTR struct _IO_FILE
  1767 ;;		 -> sprintf@f(11), 
  1768 ;; Auto vars:     Size  Location     Type
  1769 ;;  i               2    6[BANK0 ] int 
  1770 ;;  c               1    5[BANK0 ] unsigned char 
  1771 ;; Return value:  Size  Location     Type
  1772 ;;                  2    0[BANK0 ] int 
  1773 ;; Registers used:
  1774 ;;		wreg, fsr0l, fsr0h, status,2, status,0, pclath, cstack
  1775 ;; Tracked objects:
  1776 ;;		On entry : 0/0
  1777 ;;		On exit  : 0/0
  1778 ;;		Unchanged: 0/0
  1779 ;; Data sizes:     COMMON   BANK0   BANK1   BANK3   BANK2
  1780 ;;      Params:         0       3       0       0       0
  1781 ;;      Locals:         0       3       0       0       0
  1782 ;;      Temps:          0       2       0       0       0
  1783 ;;      Totals:         0       8       0       0       0
  1784 ;;Total ram usage:        8 bytes
  1785 ;; Hardware stack levels used: 1
  1786 ;; Hardware stack levels required when called: 1
  1787 ;; This function calls:
  1788 ;;		_fputc
  1789 ;; This function is called by:
  1790 ;;		_pad
  1791 ;; This function uses a non-reentrant model
  1792 ;;
  1793                           
  1794     036C                     _fputs:	
  1795                           ;psect for function _fputs
  1796                           
  1797     036C                     l1078:	
  1798                           ;incstack = 0
  1799                           ; Regs used in _fputs: [wreg-fsr0h+status,2+status,0+pclath+cstack]
  1800                           
  1801     036C  1283               	bcf	3,5	;RP0=0, select bank0
  1802     036D  1303               	bcf	3,6	;RP1=0, select bank0
  1803     036E  01A6               	clrf	fputs@i
  1804     036F  01A7               	clrf	fputs@i+1
  1805     0370  2B89               	goto	l1084
  1806     0371                     l1080:
  1807     0371  0825               	movf	fputs@c,w
  1808     0372  00A3               	movwf	??_fputs
  1809     0373  01A4               	clrf	??_fputs+1
  1810     0374  0823               	movf	??_fputs,w
  1811     0375  00F0               	movwf	fputc@c
  1812     0376  0824               	movf	??_fputs+1,w
  1813     0377  00F1               	movwf	fputc@c+1
  1814     0378  0821               	movf	fputs@fp,w
  1815     0379  00F2               	movwf	fputc@fp
  1816     037A  0822               	movf	fputs@fp+1,w
  1817     037B  00F3               	movwf	fputc@fp+1
  1818     037C  120A  118A  25D8  120A  118A  	fcall	_fputc
  1819     0381                     l1082:
  1820     0381  3001               	movlw	1
  1821     0382  1283               	bcf	3,5	;RP0=0, select bank0
  1822     0383  1303               	bcf	3,6	;RP1=0, select bank0
  1823     0384  07A6               	addwf	fputs@i,f
  1824     0385  1803               	skipnc
  1825     0386  0AA7               	incf	fputs@i+1,f
  1826     0387  3000               	movlw	0
  1827     0388  07A7               	addwf	fputs@i+1,f
  1828     0389                     l1084:
  1829     0389  0826               	movf	fputs@i,w
  1830     038A  0720               	addwf	fputs@s,w
  1831     038B  00A3               	movwf	??_fputs
  1832     038C  0823               	movf	??_fputs,w
  1833     038D  0084               	movwf	4
  1834     038E  1383               	bcf	3,7	;select IRP bank0
  1835     038F  0800               	movf	0,w
  1836     0390  00A5               	movwf	fputs@c
  1837     0391  0825               	movf	fputs@c,w
  1838     0392  1D03               	btfss	3,2
  1839     0393  2B95               	goto	u581
  1840     0394  2B96               	goto	u580
  1841     0395                     u581:
  1842     0395  2B71               	goto	l1080
  1843     0396                     u580:
  1844     0396                     l703:
  1845     0396  0008               	return
  1846     0397                     __end_of_fputs:
  1847                           
  1848                           	psect	text7
  1849     05D8                     __ptext7:	
  1850 ;; *************** function _fputc *****************
  1851 ;; Defined at:
  1852 ;;		line 8 in file "C:\Program Files\Microchip\xc8\v3.10\pic\sources\c99\common\nf_fputc.c"
  1853 ;; Parameters:    Size  Location     Type
  1854 ;;  c               2    0[COMMON] int 
  1855 ;;  fp              2    2[COMMON] PTR struct _IO_FILE
  1856 ;;		 -> sprintf@f(11), 
  1857 ;; Auto vars:     Size  Location     Type
  1858 ;;		None
  1859 ;; Return value:  Size  Location     Type
  1860 ;;                  2    0[COMMON] int 
  1861 ;; Registers used:
  1862 ;;		wreg, fsr0l, fsr0h, status,2, status,0, pclath, cstack
  1863 ;; Tracked objects:
  1864 ;;		On entry : 0/0
  1865 ;;		On exit  : 0/0
  1866 ;;		Unchanged: 0/0
  1867 ;; Data sizes:     COMMON   BANK0   BANK1   BANK3   BANK2
  1868 ;;      Params:         4       0       0       0       0
  1869 ;;      Locals:         0       0       0       0       0
  1870 ;;      Temps:          9       0       0       0       0
  1871 ;;      Totals:        13       0       0       0       0
  1872 ;;Total ram usage:       13 bytes
  1873 ;; Hardware stack levels used: 1
  1874 ;; This function calls:
  1875 ;;		_putch
  1876 ;; This function is called by:
  1877 ;;		_pad
  1878 ;;		_vfpfcnvrt
  1879 ;;		_fputs
  1880 ;; This function uses a non-reentrant model
  1881 ;;
  1882                           
  1883     05D8                     _fputc:	
  1884                           ;psect for function _fputc
  1885                           
  1886     05D8                     l1064:	
  1887                           ;incstack = 0
  1888                           ; Regs used in _fputc: [wreg-fsr0h+status,2+status,0+pclath+cstack]
  1889                           
  1890     05D8  0872               	movf	fputc@fp,w
  1891     05D9  0473               	iorwf	fputc@fp+1,w
  1892     05DA  1903               	btfsc	3,2
  1893     05DB  2DDD               	goto	u531
  1894     05DC  2DDE               	goto	u530
  1895     05DD                     u531:
  1896     05DD  2DE4               	goto	l1068
  1897     05DE                     u530:
  1898     05DE                     l1066:
  1899     05DE  0872               	movf	fputc@fp,w
  1900     05DF  0473               	iorwf	fputc@fp+1,w
  1901     05E0  1D03               	btfss	3,2
  1902     05E1  2DE3               	goto	u541
  1903     05E2  2DE4               	goto	u540
  1904     05E3                     u541:
  1905     05E3  2DEB               	goto	l1070
  1906     05E4                     u540:
  1907     05E4                     l1068:
  1908     05E4  0870               	movf	fputc@c,w
  1909     05E5  120A  118A  2220  120A  118A  	fcall	_putch
  1910     05EA  2E71               	goto	l695
  1911     05EB                     l1070:
  1912     05EB  0872               	movf	fputc@fp,w
  1913     05EC  3E09               	addlw	9
  1914     05ED  00F4               	movwf	??_fputc
  1915     05EE  0873               	movf	fputc@fp+1,w
  1916     05EF  1803               	skipnc
  1917     05F0  3E01               	addlw	1
  1918     05F1  3E00               	addlw	0
  1919     05F2  00F5               	movwf	??_fputc+1
  1920     05F3  0874               	movf	??_fputc,w
  1921     05F4  0084               	movwf	4
  1922     05F5  1783               	bsf	3,7
  1923     05F6  1C75               	btfss	??_fputc+1,0
  1924     05F7  1383               	bcf	3,7
  1925     05F8  0800               	movf	0,w
  1926     05F9  00F6               	movwf	??_fputc+2
  1927     05FA  0A84               	incf	4,f
  1928     05FB  0800               	movf	0,w
  1929     05FC  00F7               	movwf	??_fputc+3
  1930     05FD  0876               	movf	??_fputc+2,w
  1931     05FE  0477               	iorwf	??_fputc+3,w
  1932     05FF  1903               	btfsc	3,2
  1933     0600  2E02               	goto	u551
  1934     0601  2E03               	goto	u550
  1935     0602                     u551:
  1936     0602  2E35               	goto	l1074
  1937     0603                     u550:
  1938     0603                     l1072:
  1939     0603  0872               	movf	fputc@fp,w
  1940     0604  3E09               	addlw	9
  1941     0605  00F4               	movwf	??_fputc
  1942     0606  0873               	movf	fputc@fp+1,w
  1943     0607  1803               	skipnc
  1944     0608  3E01               	addlw	1
  1945     0609  3E00               	addlw	0
  1946     060A  00F5               	movwf	??_fputc+1
  1947     060B  0874               	movf	??_fputc,w
  1948     060C  0084               	movwf	4
  1949     060D  1783               	bsf	3,7
  1950     060E  1C75               	btfss	??_fputc+1,0
  1951     060F  1383               	bcf	3,7
  1952     0610  0800               	movf	0,w
  1953     0611  00F6               	movwf	??_fputc+2
  1954     0612  0A84               	incf	4,f
  1955     0613  0800               	movf	0,w
  1956     0614  00F7               	movwf	??_fputc+3
  1957     0615  0872               	movf	fputc@fp,w
  1958     0616  3E02               	addlw	2
  1959     0617  00F8               	movwf	??_fputc+4
  1960     0618  0873               	movf	fputc@fp+1,w
  1961     0619  1803               	skipnc
  1962     061A  3E01               	addlw	1
  1963     061B  3E00               	addlw	0
  1964     061C  00F9               	movwf	??_fputc+5
  1965     061D  0878               	movf	??_fputc+4,w
  1966     061E  0084               	movwf	4
  1967     061F  1783               	bsf	3,7
  1968     0620  1C79               	btfss	??_fputc+5,0
  1969     0621  1383               	bcf	3,7
  1970     0622  0800               	movf	0,w
  1971     0623  00FA               	movwf	??_fputc+6
  1972     0624  0A84               	incf	4,f
  1973     0625  0800               	movf	0,w
  1974     0626  00FB               	movwf	??_fputc+7
  1975     0627  087B               	movf	??_fputc+7,w
  1976     0628  3A80               	xorlw	128
  1977     0629  00FC               	movwf	??_fputc+8
  1978     062A  0877               	movf	??_fputc+3,w
  1979     062B  3A80               	xorlw	128
  1980     062C  027C               	subwf	??_fputc+8,w
  1981     062D  1D03               	skipz
  1982     062E  2E31               	goto	u565
  1983     062F  0876               	movf	??_fputc+2,w
  1984     0630  027A               	subwf	??_fputc+6,w
  1985     0631                     u565:
  1986     0631  1803               	skipnc
  1987     0632  2E34               	goto	u561
  1988     0633  2E35               	goto	u560
  1989     0634                     u561:
  1990     0634  2E71               	goto	l695
  1991     0635                     u560:
  1992     0635                     l1074:
  1993     0635  0872               	movf	fputc@fp,w
  1994     0636  0084               	movwf	4
  1995     0637  1783               	bsf	3,7
  1996     0638  1C73               	btfss	fputc@fp+1,0
  1997     0639  1383               	bcf	3,7
  1998     063A  0800               	movf	0,w
  1999     063B  00F4               	movwf	??_fputc
  2000     063C  0A84               	incf	4,f
  2001     063D  0800               	movf	0,w
  2002     063E  00F5               	movwf	??_fputc+1
  2003     063F  0872               	movf	fputc@fp,w
  2004     0640  3E02               	addlw	2
  2005     0641  00F6               	movwf	??_fputc+2
  2006     0642  0873               	movf	fputc@fp+1,w
  2007     0643  1803               	skipnc
  2008     0644  3E01               	addlw	1
  2009     0645  3E00               	addlw	0
  2010     0646  00F7               	movwf	??_fputc+3
  2011     0647  0876               	movf	??_fputc+2,w
  2012     0648  0084               	movwf	4
  2013     0649  1783               	bsf	3,7
  2014     064A  1C77               	btfss	??_fputc+3,0
  2015     064B  1383               	bcf	3,7
  2016     064C  0800               	movf	0,w
  2017     064D  0774               	addwf	??_fputc,w
  2018     064E  00F9               	movwf	??_fputc+5
  2019     064F  0875               	movf	??_fputc+1,w
  2020     0650  00F8               	movwf	??_fputc+4
  2021     0651  1803               	skipnc
  2022     0652  0AF8               	incf	??_fputc+4,f
  2023     0653  1F80               	btfss	0,7
  2024     0654  2E56               	goto	u570
  2025     0655  03F8               	decf	??_fputc+4,f
  2026     0656                     u570:
  2027     0656  0878               	movf	??_fputc+4,w
  2028     0657  00FA               	movwf	??_fputc+6
  2029     0658  0879               	movf	??_fputc+5,w
  2030     0659  0084               	movwf	4
  2031     065A  1783               	bsf	3,7
  2032     065B  1C7A               	btfss	??_fputc+6,0
  2033     065C  1383               	bcf	3,7
  2034     065D  0870               	movf	fputc@c,w
  2035     065E  0080               	movwf	0
  2036     065F  0872               	movf	fputc@fp,w
  2037     0660  3E02               	addlw	2
  2038     0661  00F4               	movwf	??_fputc
  2039     0662  0873               	movf	fputc@fp+1,w
  2040     0663  1803               	skipnc
  2041     0664  3E01               	addlw	1
  2042     0665  3E00               	addlw	0
  2043     0666  00F5               	movwf	??_fputc+1
  2044     0667  0874               	movf	??_fputc,w
  2045     0668  0084               	movwf	4
  2046     0669  1783               	bsf	3,7
  2047     066A  1C75               	btfss	??_fputc+1,0
  2048     066B  1383               	bcf	3,7
  2049     066C  3001               	movlw	1
  2050     066D  0780               	addwf	0,f
  2051     066E  0A84               	incf	4,f
  2052     066F  1803               	skipnc
  2053     0670  0A80               	incf	0,f
  2054     0671                     l695:
  2055     0671  0008               	return
  2056     0672                     __end_of_fputc:
  2057                           
  2058                           	psect	text8
  2059     0220                     __ptext8:	
  2060 ;; *************** function _putch *****************
  2061 ;; Defined at:
  2062 ;;		line 7 in file "C:\Program Files\Microchip\xc8\v3.10\pic\sources\c99\common\putch.c"
  2063 ;; Parameters:    Size  Location     Type
  2064 ;;  c               1    wreg     unsigned char 
  2065 ;; Auto vars:     Size  Location     Type
  2066 ;;  c               1    0[COMMON] unsigned char 
  2067 ;; Return value:  Size  Location     Type
  2068 ;;                  1    wreg      void 
  2069 ;; Registers used:
  2070 ;;		wreg
  2071 ;; Tracked objects:
  2072 ;;		On entry : 0/0
  2073 ;;		On exit  : 0/0
  2074 ;;		Unchanged: 0/0
  2075 ;; Data sizes:     COMMON   BANK0   BANK1   BANK3   BANK2
  2076 ;;      Params:         0       0       0       0       0
  2077 ;;      Locals:         0       0       0       0       0
  2078 ;;      Temps:          0       0       0       0       0
  2079 ;;      Totals:         0       0       0       0       0
  2080 ;;Total ram usage:        0 bytes
  2081 ;; Hardware stack levels used: 1
  2082 ;; This function calls:
  2083 ;;		Nothing
  2084 ;; This function is called by:
  2085 ;;		_fputc
  2086 ;; This function uses a non-reentrant model
  2087 ;;
  2088                           
  2089     0220                     _putch:	
  2090                           ;psect for function _putch
  2091                           
  2092     0220                     l706:	
  2093                           ;incstack = 0
  2094                           ; Regs used in _putch: [wreg]
  2095                           
  2096     0220  0008               	return
  2097     0221                     __end_of_putch:
  2098                           
  2099                           	psect	text9
  2100     0397                     __ptext9:	
  2101 ;; *************** function ___lwmod *****************
  2102 ;; Defined at:
  2103 ;;		line 5 in file "C:\Program Files\Microchip\xc8\v3.10\pic\sources\c99\common\lwmod.c"
  2104 ;; Parameters:    Size  Location     Type
  2105 ;;  divisor         2    0[COMMON] unsigned int 
  2106 ;;  dividend        2    2[COMMON] unsigned int 
  2107 ;; Auto vars:     Size  Location     Type
  2108 ;;  counter         1    4[COMMON] unsigned char 
  2109 ;; Return value:  Size  Location     Type
  2110 ;;                  2    0[COMMON] unsigned int 
  2111 ;; Registers used:
  2112 ;;		wreg, status,2, status,0
  2113 ;; Tracked objects:
  2114 ;;		On entry : 0/0
  2115 ;;		On exit  : 0/0
  2116 ;;		Unchanged: 0/0
  2117 ;; Data sizes:     COMMON   BANK0   BANK1   BANK3   BANK2
  2118 ;;      Params:         4       0       0       0       0
  2119 ;;      Locals:         1       0       0       0       0
  2120 ;;      Temps:          0       0       0       0       0
  2121 ;;      Totals:         5       0       0       0       0
  2122 ;;Total ram usage:        5 bytes
  2123 ;; Hardware stack levels used: 1
  2124 ;; This function calls:
  2125 ;;		Nothing
  2126 ;; This function is called by:
  2127 ;;		_utoa
  2128 ;; This function uses a non-reentrant model
  2129 ;;
  2130                           
  2131     0397                     ___lwmod:	
  2132                           ;psect for function ___lwmod
  2133                           
  2134     0397                     l1126:	
  2135                           ;incstack = 0
  2136                           ; Regs used in ___lwmod: [wreg+status,2+status,0]
  2137                           
  2138     0397  0870               	movf	___lwmod@divisor,w
  2139     0398  0471               	iorwf	___lwmod@divisor+1,w
  2140     0399  1903               	btfsc	3,2
  2141     039A  2B9C               	goto	u701
  2142     039B  2B9D               	goto	u700
  2143     039C                     u701:
  2144     039C  2BCA               	goto	l1144
  2145     039D                     u700:
  2146     039D                     l1128:
  2147     039D  3001               	movlw	1
  2148     039E  00F4               	movwf	___lwmod@counter
  2149     039F  2BA9               	goto	l1134
  2150     03A0                     l1130:
  2151     03A0  3001               	movlw	1
  2152     03A1                     u715:
  2153     03A1  1003               	clrc
  2154     03A2  0DF0               	rlf	___lwmod@divisor,f
  2155     03A3  0DF1               	rlf	___lwmod@divisor+1,f
  2156     03A4  3EFF               	addlw	-1
  2157     03A5  1D03               	skipz
  2158     03A6  2BA1               	goto	u715
  2159     03A7                     l1132:
  2160     03A7  3001               	movlw	1
  2161     03A8  07F4               	addwf	___lwmod@counter,f
  2162     03A9                     l1134:
  2163     03A9  1FF1               	btfss	___lwmod@divisor+1,7
  2164     03AA  2BAC               	goto	u721
  2165     03AB  2BAD               	goto	u720
  2166     03AC                     u721:
  2167     03AC  2BA0               	goto	l1130
  2168     03AD                     u720:
  2169     03AD                     l1136:
  2170     03AD  0871               	movf	___lwmod@divisor+1,w
  2171     03AE  0273               	subwf	___lwmod@dividend+1,w
  2172     03AF  1D03               	skipz
  2173     03B0  2BB3               	goto	u735
  2174     03B1  0870               	movf	___lwmod@divisor,w
  2175     03B2  0272               	subwf	___lwmod@dividend,w
  2176     03B3                     u735:
  2177     03B3  1C03               	skipc
  2178     03B4  2BB6               	goto	u731
  2179     03B5  2BB7               	goto	u730
  2180     03B6                     u731:
  2181     03B6  2BBD               	goto	l1140
  2182     03B7                     u730:
  2183     03B7                     l1138:
  2184     03B7  0870               	movf	___lwmod@divisor,w
  2185     03B8  02F2               	subwf	___lwmod@dividend,f
  2186     03B9  0871               	movf	___lwmod@divisor+1,w
  2187     03BA  1C03               	skipc
  2188     03BB  03F3               	decf	___lwmod@dividend+1,f
  2189     03BC  02F3               	subwf	___lwmod@dividend+1,f
  2190     03BD                     l1140:
  2191     03BD  3001               	movlw	1
  2192     03BE                     u745:
  2193     03BE  1003               	clrc
  2194     03BF  0CF1               	rrf	___lwmod@divisor+1,f
  2195     03C0  0CF0               	rrf	___lwmod@divisor,f
  2196     03C1  3EFF               	addlw	-1
  2197     03C2  1D03               	skipz
  2198     03C3  2BBE               	goto	u745
  2199     03C4                     l1142:
  2200     03C4  3001               	movlw	1
  2201     03C5  02F4               	subwf	___lwmod@counter,f
  2202     03C6  1D03               	btfss	3,2
  2203     03C7  2BC9               	goto	u751
  2204     03C8  2BCA               	goto	u750
  2205     03C9                     u751:
  2206     03C9  2BAD               	goto	l1136
  2207     03CA                     u750:
  2208     03CA                     l1144:
  2209     03CA  0873               	movf	___lwmod@dividend+1,w
  2210     03CB  00F1               	movwf	?___lwmod+1
  2211     03CC  0872               	movf	___lwmod@dividend,w
  2212     03CD  00F0               	movwf	?___lwmod
  2213     03CE                     l454:
  2214     03CE  0008               	return
  2215     03CF                     __end_of___lwmod:
  2216                           
  2217                           	psect	text10
  2218     03CF                     __ptext10:	
  2219 ;; *************** function ___lwdiv *****************
  2220 ;; Defined at:
  2221 ;;		line 5 in file "C:\Program Files\Microchip\xc8\v3.10\pic\sources\c99\common\lwdiv.c"
  2222 ;; Parameters:    Size  Location     Type
  2223 ;;  divisor         2    0[COMMON] unsigned int 
  2224 ;;  dividend        2    2[COMMON] unsigned int 
  2225 ;; Auto vars:     Size  Location     Type
  2226 ;;  quotient        2    4[COMMON] unsigned int 
  2227 ;;  counter         1    6[COMMON] unsigned char 
  2228 ;; Return value:  Size  Location     Type
  2229 ;;                  2    0[COMMON] unsigned int 
  2230 ;; Registers used:
  2231 ;;		wreg, status,2, status,0
  2232 ;; Tracked objects:
  2233 ;;		On entry : 0/0
  2234 ;;		On exit  : 0/0
  2235 ;;		Unchanged: 0/0
  2236 ;; Data sizes:     COMMON   BANK0   BANK1   BANK3   BANK2
  2237 ;;      Params:         4       0       0       0       0
  2238 ;;      Locals:         3       0       0       0       0
  2239 ;;      Temps:          0       0       0       0       0
  2240 ;;      Totals:         7       0       0       0       0
  2241 ;;Total ram usage:        7 bytes
  2242 ;; Hardware stack levels used: 1
  2243 ;; This function calls:
  2244 ;;		Nothing
  2245 ;; This function is called by:
  2246 ;;		_utoa
  2247 ;; This function uses a non-reentrant model
  2248 ;;
  2249                           
  2250     03CF                     ___lwdiv:	
  2251                           ;psect for function ___lwdiv
  2252                           
  2253     03CF                     l1100:	
  2254                           ;incstack = 0
  2255                           ; Regs used in ___lwdiv: [wreg+status,2+status,0]
  2256                           
  2257     03CF  01F4               	clrf	___lwdiv@quotient
  2258     03D0  01F5               	clrf	___lwdiv@quotient+1
  2259     03D1                     l1102:
  2260     03D1  0870               	movf	___lwdiv@divisor,w
  2261     03D2  0471               	iorwf	___lwdiv@divisor+1,w
  2262     03D3  1903               	btfsc	3,2
  2263     03D4  2BD6               	goto	u631
  2264     03D5  2BD7               	goto	u630
  2265     03D6                     u631:
  2266     03D6  2C0C               	goto	l1122
  2267     03D7                     u630:
  2268     03D7                     l1104:
  2269     03D7  3001               	movlw	1
  2270     03D8  00F6               	movwf	___lwdiv@counter
  2271     03D9  2BE3               	goto	l1110
  2272     03DA                     l1106:
  2273     03DA  3001               	movlw	1
  2274     03DB                     u645:
  2275     03DB  1003               	clrc
  2276     03DC  0DF0               	rlf	___lwdiv@divisor,f
  2277     03DD  0DF1               	rlf	___lwdiv@divisor+1,f
  2278     03DE  3EFF               	addlw	-1
  2279     03DF  1D03               	skipz
  2280     03E0  2BDB               	goto	u645
  2281     03E1                     l1108:
  2282     03E1  3001               	movlw	1
  2283     03E2  07F6               	addwf	___lwdiv@counter,f
  2284     03E3                     l1110:
  2285     03E3  1FF1               	btfss	___lwdiv@divisor+1,7
  2286     03E4  2BE6               	goto	u651
  2287     03E5  2BE7               	goto	u650
  2288     03E6                     u651:
  2289     03E6  2BDA               	goto	l1106
  2290     03E7                     u650:
  2291     03E7                     l1112:
  2292     03E7  3001               	movlw	1
  2293     03E8                     u665:
  2294     03E8  1003               	clrc
  2295     03E9  0DF4               	rlf	___lwdiv@quotient,f
  2296     03EA  0DF5               	rlf	___lwdiv@quotient+1,f
  2297     03EB  3EFF               	addlw	-1
  2298     03EC  1D03               	skipz
  2299     03ED  2BE8               	goto	u665
  2300     03EE  0871               	movf	___lwdiv@divisor+1,w
  2301     03EF  0273               	subwf	___lwdiv@dividend+1,w
  2302     03F0  1D03               	skipz
  2303     03F1  2BF4               	goto	u675
  2304     03F2  0870               	movf	___lwdiv@divisor,w
  2305     03F3  0272               	subwf	___lwdiv@dividend,w
  2306     03F4                     u675:
  2307     03F4  1C03               	skipc
  2308     03F5  2BF7               	goto	u671
  2309     03F6  2BF8               	goto	u670
  2310     03F7                     u671:
  2311     03F7  2BFF               	goto	l1118
  2312     03F8                     u670:
  2313     03F8                     l1114:
  2314     03F8  0870               	movf	___lwdiv@divisor,w
  2315     03F9  02F2               	subwf	___lwdiv@dividend,f
  2316     03FA  0871               	movf	___lwdiv@divisor+1,w
  2317     03FB  1C03               	skipc
  2318     03FC  03F3               	decf	___lwdiv@dividend+1,f
  2319     03FD  02F3               	subwf	___lwdiv@dividend+1,f
  2320     03FE                     l1116:
  2321     03FE  1474               	bsf	___lwdiv@quotient,0
  2322     03FF                     l1118:
  2323     03FF  3001               	movlw	1
  2324     0400                     u685:
  2325     0400  1003               	clrc
  2326     0401  0CF1               	rrf	___lwdiv@divisor+1,f
  2327     0402  0CF0               	rrf	___lwdiv@divisor,f
  2328     0403  3EFF               	addlw	-1
  2329     0404  1D03               	skipz
  2330     0405  2C00               	goto	u685
  2331     0406                     l1120:
  2332     0406  3001               	movlw	1
  2333     0407  02F6               	subwf	___lwdiv@counter,f
  2334     0408  1D03               	btfss	3,2
  2335     0409  2C0B               	goto	u691
  2336     040A  2C0C               	goto	u690
  2337     040B                     u691:
  2338     040B  2BE7               	goto	l1112
  2339     040C                     u690:
  2340     040C                     l1122:
  2341     040C  0875               	movf	___lwdiv@quotient+1,w
  2342     040D  00F1               	movwf	?___lwdiv+1
  2343     040E  0874               	movf	___lwdiv@quotient,w
  2344     040F  00F0               	movwf	?___lwdiv
  2345     0410                     l444:
  2346     0410  0008               	return
  2347     0411                     __end_of___lwdiv:
  2348                           
  2349                           	psect	text11
  2350     0457                     __ptext11:	
  2351 ;; *************** function _read_prec_or_width *****************
  2352 ;; Defined at:
  2353 ;;		line 1158 in file "C:\Program Files\Microchip\xc8\v3.10\pic\sources\c99\common\doprnt.c"
  2354 ;; Parameters:    Size  Location     Type
  2355 ;;  fmt             1    6[COMMON] PTR PTR const unsigned c
  2356 ;;		 -> vfprintf@cfmt(1), 
  2357 ;;  ap              1    7[COMMON] PTR PTR void [1]
  2358 ;;		 -> sprintf@ap(1), 
  2359 ;; Auto vars:     Size  Location     Type
  2360 ;;  c               1    8[COMMON] unsigned char 
  2361 ;;  n               2    9[COMMON] int 
  2362 ;; Return value:  Size  Location     Type
  2363 ;;                  2    6[COMMON] int 
  2364 ;; Registers used:
  2365 ;;		wreg, fsr0l, fsr0h, status,2, status,0, pclath, btemp1, cstack
  2366 ;; Tracked objects:
  2367 ;;		On entry : 0/0
  2368 ;;		On exit  : 0/0
  2369 ;;		Unchanged: 0/0
  2370 ;; Data sizes:     COMMON   BANK0   BANK1   BANK3   BANK2
  2371 ;;      Params:         2       0       0       0       0
  2372 ;;      Locals:         3       0       0       0       0
  2373 ;;      Temps:          0       0       0       0       0
  2374 ;;      Totals:         5       0       0       0       0
  2375 ;;Total ram usage:        5 bytes
  2376 ;; Hardware stack levels used: 1
  2377 ;; Hardware stack levels required when called: 1
  2378 ;; This function calls:
  2379 ;;		___wmul
  2380 ;; This function is called by:
  2381 ;;		_vfpfcnvrt
  2382 ;; This function uses a non-reentrant model
  2383 ;;
  2384                           
  2385     0457                     _read_prec_or_width:	
  2386                           ;psect for function _read_prec_or_width
  2387                           
  2388     0457                     l1190:	
  2389                           ;incstack = 0
  2390                           ; Regs used in _read_prec_or_width: [wreg-fsr0h+status,2+status,0+pclath+btemp1+cstack]
  2391                           
  2392                           
  2393                           ;C:\Program Files\Microchip\xc8\v3.10\pic\sources\c99\common\doprnt.c: 1159:     int n =
      +                           0;
  2394     0457  01F9               	clrf	read_prec_or_width@n
  2395     0458  01FA               	clrf	read_prec_or_width@n+1
  2396     0459                     l1192:
  2397                           
  2398                           ;C:\Program Files\Microchip\xc8\v3.10\pic\sources\c99\common\doprnt.c: 1160:     if ((*f
      +                          mt)[0] == '*') {
  2399     0459  0876               	movf	read_prec_or_width@fmt,w
  2400     045A  0084               	movwf	4
  2401     045B  1383               	bcf	3,7	;select IRP bank0
  2402     045C  0800               	movf	0,w
  2403     045D  0084               	movwf	4
  2404     045E  120A  118A  200D  120A  118A  	fcall	stringdir
  2405     0463  3A2A               	xorlw	42
  2406     0464  1D03               	skipz
  2407     0465  2C67               	goto	u831
  2408     0466  2C68               	goto	u830
  2409     0467                     u831:
  2410     0467  2C94               	goto	l1202
  2411     0468                     u830:
  2412     0468                     l1194:
  2413                           
  2414                           ;C:\Program Files\Microchip\xc8\v3.10\pic\sources\c99\common\doprnt.c: 1161:         ++*
      +                          fmt;
  2415     0468  0876               	movf	read_prec_or_width@fmt,w
  2416     0469  0084               	movwf	4
  2417     046A  3001               	movlw	1
  2418     046B  0780               	addwf	0,f
  2419     046C                     l1196:
  2420                           
  2421                           ;C:\Program Files\Microchip\xc8\v3.10\pic\sources\c99\common\doprnt.c: 1162:         n =
      +                           (*(int *)__va_arg(*(int **)*ap, (int)0));
  2422     046C  0877               	movf	read_prec_or_width@ap,w
  2423     046D  0084               	movwf	4
  2424     046E  0800               	movf	0,w
  2425     046F  00FF               	movwf	btemp1
  2426     0470  3002               	movlw	2
  2427     0471  0780               	addwf	0,f
  2428     0472  087F               	movf	btemp1,w
  2429     0473  0084               	movwf	4
  2430     0474  0800               	movf	0,w
  2431     0475  00F9               	movwf	read_prec_or_width@n
  2432     0476  0A84               	incf	4,f
  2433     0477  0800               	movf	0,w
  2434     0478  00FA               	movwf	read_prec_or_width@n+1
  2435                           
  2436                           ;C:\Program Files\Microchip\xc8\v3.10\pic\sources\c99\common\doprnt.c: 1163:     } else 
      +                          {
  2437     0479  2CA5               	goto	l1204
  2438     047A                     l1198:
  2439                           
  2440                           ;C:\Program Files\Microchip\xc8\v3.10\pic\sources\c99\common\doprnt.c: 1166:            
      +                           n = n * 10 + c;
  2441     047A  087A               	movf	read_prec_or_width@n+1,w
  2442     047B  00F1               	movwf	___wmul@multiplier+1
  2443     047C  0879               	movf	read_prec_or_width@n,w
  2444     047D  00F0               	movwf	___wmul@multiplier
  2445     047E  300A               	movlw	10
  2446     047F  00F2               	movwf	___wmul@multiplicand
  2447     0480  3000               	movlw	0
  2448     0481  00F3               	movwf	___wmul@multiplicand+1
  2449     0482  120A  118A  22CF  120A  118A  	fcall	___wmul
  2450     0487  0878               	movf	read_prec_or_width@c,w
  2451     0488  0770               	addwf	?___wmul,w
  2452     0489  00F9               	movwf	read_prec_or_width@n
  2453     048A  3000               	movlw	0
  2454     048B  1803               	skipnc
  2455     048C  3001               	movlw	1
  2456     048D  0771               	addwf	?___wmul+1,w
  2457     048E  00FA               	movwf	read_prec_or_width@n+1
  2458     048F                     l1200:
  2459                           
  2460                           ;C:\Program Files\Microchip\xc8\v3.10\pic\sources\c99\common\doprnt.c: 1167:            
      +                           ++*fmt;
  2461     048F  0876               	movf	read_prec_or_width@fmt,w
  2462     0490  0084               	movwf	4
  2463     0491  3001               	movlw	1
  2464     0492  1383               	bcf	3,7	;select IRP bank0
  2465     0493  0780               	addwf	0,f
  2466     0494                     l1202:
  2467                           
  2468                           ;C:\Program Files\Microchip\xc8\v3.10\pic\sources\c99\common\doprnt.c: 1165:         whi
      +                          le ((c = ((unsigned)(*fmt)[0]) - '0') < 10) {
  2469     0494  0876               	movf	read_prec_or_width@fmt,w
  2470     0495  0084               	movwf	4
  2471     0496  0800               	movf	0,w
  2472     0497  0084               	movwf	4
  2473     0498  120A  118A  200D  120A  118A  	fcall	stringdir
  2474     049D  3ED0               	addlw	208
  2475     049E  00F8               	movwf	read_prec_or_width@c
  2476     049F  300A               	movlw	10
  2477     04A0  0278               	subwf	read_prec_or_width@c,w
  2478     04A1  1C03               	skipc
  2479     04A2  2CA4               	goto	u841
  2480     04A3  2CA5               	goto	u840
  2481     04A4                     u841:
  2482     04A4  2C7A               	goto	l1198
  2483     04A5                     u840:
  2484     04A5                     l1204:
  2485                           
  2486                           ;C:\Program Files\Microchip\xc8\v3.10\pic\sources\c99\common\doprnt.c: 1170:     return 
      +                          n;
  2487     04A5  087A               	movf	read_prec_or_width@n+1,w
  2488     04A6  00F7               	movwf	?_read_prec_or_width+1
  2489     04A7  0879               	movf	read_prec_or_width@n,w
  2490     04A8  00F6               	movwf	?_read_prec_or_width
  2491     04A9                     l666:
  2492     04A9  0008               	return
  2493     04AA                     __end_of_read_prec_or_width:
  2494                           
  2495                           	psect	text12
  2496     02CF                     __ptext12:	
  2497 ;; *************** function ___wmul *****************
  2498 ;; Defined at:
  2499 ;;		line 15 in file "C:\Program Files\Microchip\xc8\v3.10\pic\sources\c99\common\Umul16.c"
  2500 ;; Parameters:    Size  Location     Type
  2501 ;;  multiplier      2    0[COMMON] unsigned int 
  2502 ;;  multiplicand    2    2[COMMON] unsigned int 
  2503 ;; Auto vars:     Size  Location     Type
  2504 ;;  product         2    4[COMMON] unsigned int 
  2505 ;; Return value:  Size  Location     Type
  2506 ;;                  2    0[COMMON] unsigned int 
  2507 ;; Registers used:
  2508 ;;		wreg, status,2, status,0
  2509 ;; Tracked objects:
  2510 ;;		On entry : 0/0
  2511 ;;		On exit  : 0/0
  2512 ;;		Unchanged: 0/0
  2513 ;; Data sizes:     COMMON   BANK0   BANK1   BANK3   BANK2
  2514 ;;      Params:         4       0       0       0       0
  2515 ;;      Locals:         2       0       0       0       0
  2516 ;;      Temps:          0       0       0       0       0
  2517 ;;      Totals:         6       0       0       0       0
  2518 ;;Total ram usage:        6 bytes
  2519 ;; Hardware stack levels used: 1
  2520 ;; This function calls:
  2521 ;;		Nothing
  2522 ;; This function is called by:
  2523 ;;		_read_prec_or_width
  2524 ;; This function uses a non-reentrant model
  2525 ;;
  2526                           
  2527     02CF                     ___wmul:	
  2528                           ;psect for function ___wmul
  2529                           
  2530     02CF                     l1086:	
  2531                           ;incstack = 0
  2532                           ; Regs used in ___wmul: [wreg+status,2+status,0]
  2533                           
  2534     02CF  01F4               	clrf	___wmul@product
  2535     02D0  01F5               	clrf	___wmul@product+1
  2536     02D1                     l1088:
  2537     02D1  1C70               	btfss	___wmul@multiplier,0
  2538     02D2  2AD4               	goto	u591
  2539     02D3  2AD5               	goto	u590
  2540     02D4                     u591:
  2541     02D4  2ADB               	goto	l164
  2542     02D5                     u590:
  2543     02D5                     l1090:
  2544     02D5  0872               	movf	___wmul@multiplicand,w
  2545     02D6  07F4               	addwf	___wmul@product,f
  2546     02D7  1803               	skipnc
  2547     02D8  0AF5               	incf	___wmul@product+1,f
  2548     02D9  0873               	movf	___wmul@multiplicand+1,w
  2549     02DA  07F5               	addwf	___wmul@product+1,f
  2550     02DB                     l164:
  2551     02DB  3001               	movlw	1
  2552     02DC                     u605:
  2553     02DC  1003               	clrc
  2554     02DD  0DF2               	rlf	___wmul@multiplicand,f
  2555     02DE  0DF3               	rlf	___wmul@multiplicand+1,f
  2556     02DF  3EFF               	addlw	-1
  2557     02E0  1D03               	skipz
  2558     02E1  2ADC               	goto	u605
  2559     02E2                     l1092:
  2560     02E2  3001               	movlw	1
  2561     02E3                     u615:
  2562     02E3  1003               	clrc
  2563     02E4  0CF1               	rrf	___wmul@multiplier+1,f
  2564     02E5  0CF0               	rrf	___wmul@multiplier,f
  2565     02E6  3EFF               	addlw	-1
  2566     02E7  1D03               	skipz
  2567     02E8  2AE3               	goto	u615
  2568     02E9                     l1094:
  2569     02E9  0870               	movf	___wmul@multiplier,w
  2570     02EA  0471               	iorwf	___wmul@multiplier+1,w
  2571     02EB  1D03               	btfss	3,2
  2572     02EC  2AEE               	goto	u621
  2573     02ED  2AEF               	goto	u620
  2574     02EE                     u621:
  2575     02EE  2AD1               	goto	l1088
  2576     02EF                     u620:
  2577     02EF                     l1096:
  2578     02EF  0875               	movf	___wmul@product+1,w
  2579     02F0  00F1               	movwf	?___wmul+1
  2580     02F1  0874               	movf	___wmul@product,w
  2581     02F2  00F0               	movwf	?___wmul
  2582     02F3                     l166:
  2583     02F3  0008               	return
  2584     02F4                     __end_of___wmul:
  2585                           
  2586                           	psect	text13
  2587     0411                     __ptext13:	
  2588 ;; *************** function ___lmul *****************
  2589 ;; Defined at:
  2590 ;;		line 15 in file "C:\Program Files\Microchip\xc8\v3.10\pic\sources\c99\common\Umul32.c"
  2591 ;; Parameters:    Size  Location     Type
  2592 ;;  multiplier      4    0[COMMON] unsigned long 
  2593 ;;  multiplicand    4    4[COMMON] unsigned long 
  2594 ;; Auto vars:     Size  Location     Type
  2595 ;;  product         4    9[COMMON] unsigned long 
  2596 ;; Return value:  Size  Location     Type
  2597 ;;                  4    0[COMMON] unsigned long 
  2598 ;; Registers used:
  2599 ;;		wreg, status,2, status,0
  2600 ;; Tracked objects:
  2601 ;;		On entry : 0/0
  2602 ;;		On exit  : 0/0
  2603 ;;		Unchanged: 0/0
  2604 ;; Data sizes:     COMMON   BANK0   BANK1   BANK3   BANK2
  2605 ;;      Params:         8       0       0       0       0
  2606 ;;      Locals:         4       0       0       0       0
  2607 ;;      Temps:          1       0       0       0       0
  2608 ;;      Totals:        13       0       0       0       0
  2609 ;;Total ram usage:       13 bytes
  2610 ;; Hardware stack levels used: 1
  2611 ;; This function calls:
  2612 ;;		Nothing
  2613 ;; This function is called by:
  2614 ;;		_main
  2615 ;; This function uses a non-reentrant model
  2616 ;;
  2617                           
  2618     0411                     ___lmul:	
  2619                           ;psect for function ___lmul
  2620                           
  2621     0411                     l1338:	
  2622                           ;incstack = 0
  2623                           ; Regs used in ___lmul: [wreg+status,2+status,0]
  2624                           
  2625     0411  3000               	movlw	0
  2626     0412  00FC               	movwf	___lmul@product+3
  2627     0413  3000               	movlw	0
  2628     0414  00FB               	movwf	___lmul@product+2
  2629     0415  3000               	movlw	0
  2630     0416  00FA               	movwf	___lmul@product+1
  2631     0417  3000               	movlw	0
  2632     0418  00F9               	movwf	___lmul@product
  2633     0419                     l1340:
  2634     0419  1C70               	btfss	___lmul@multiplier,0
  2635     041A  2C1C               	goto	u931
  2636     041B  2C1D               	goto	u930
  2637     041C                     u931:
  2638     041C  2C34               	goto	l1344
  2639     041D                     u930:
  2640     041D                     l1342:
  2641     041D  0874               	movf	___lmul@multiplicand,w
  2642     041E  07F9               	addwf	___lmul@product,f
  2643     041F  0875               	movf	___lmul@multiplicand+1,w
  2644     0420  1103               	clrz
  2645     0421  1803               	skipnc
  2646     0422  3E01               	addlw	1
  2647     0423  1903               	skipnz
  2648     0424  2C26               	goto	u941
  2649     0425  07FA               	addwf	___lmul@product+1,f
  2650     0426                     u941:
  2651     0426  0876               	movf	___lmul@multiplicand+2,w
  2652     0427  1103               	clrz
  2653     0428  1803               	skipnc
  2654     0429  3E01               	addlw	1
  2655     042A  1903               	skipnz
  2656     042B  2C2D               	goto	u942
  2657     042C  07FB               	addwf	___lmul@product+2,f
  2658     042D                     u942:
  2659     042D  0877               	movf	___lmul@multiplicand+3,w
  2660     042E  1103               	clrz
  2661     042F  1803               	skipnc
  2662     0430  3E01               	addlw	1
  2663     0431  1903               	skipnz
  2664     0432  2C34               	goto	u943
  2665     0433  07FC               	addwf	___lmul@product+3,f
  2666     0434                     u943:
  2667     0434                     l1344:
  2668     0434  3001               	movlw	1
  2669     0435  00F8               	movwf	??___lmul
  2670     0436                     u955:
  2671     0436  1003               	clrc
  2672     0437  0DF4               	rlf	___lmul@multiplicand,f
  2673     0438  0DF5               	rlf	___lmul@multiplicand+1,f
  2674     0439  0DF6               	rlf	___lmul@multiplicand+2,f
  2675     043A  0DF7               	rlf	___lmul@multiplicand+3,f
  2676     043B  0BF8               	decfsz	??___lmul,f
  2677     043C  2C36               	goto	u955
  2678     043D                     l1346:
  2679     043D  3001               	movlw	1
  2680     043E                     u965:
  2681     043E  1003               	clrc
  2682     043F  0CF3               	rrf	___lmul@multiplier+3,f
  2683     0440  0CF2               	rrf	___lmul@multiplier+2,f
  2684     0441  0CF1               	rrf	___lmul@multiplier+1,f
  2685     0442  0CF0               	rrf	___lmul@multiplier,f
  2686     0443  3EFF               	addlw	-1
  2687     0444  1D03               	skipz
  2688     0445  2C3E               	goto	u965
  2689     0446  0873               	movf	___lmul@multiplier+3,w
  2690     0447  0472               	iorwf	___lmul@multiplier+2,w
  2691     0448  0471               	iorwf	___lmul@multiplier+1,w
  2692     0449  0470               	iorwf	___lmul@multiplier,w
  2693     044A  1D03               	skipz
  2694     044B  2C4D               	goto	u971
  2695     044C  2C4E               	goto	u970
  2696     044D                     u971:
  2697     044D  2C19               	goto	l1340
  2698     044E                     u970:
  2699     044E                     l1348:
  2700     044E  087C               	movf	___lmul@product+3,w
  2701     044F  00F3               	movwf	?___lmul+3
  2702     0450  087B               	movf	___lmul@product+2,w
  2703     0451  00F2               	movwf	?___lmul+2
  2704     0452  087A               	movf	___lmul@product+1,w
  2705     0453  00F1               	movwf	?___lmul+1
  2706     0454  0879               	movf	___lmul@product,w
  2707     0455  00F0               	movwf	?___lmul
  2708     0456                     l178:
  2709     0456  0008               	return
  2710     0457                     __end_of___lmul:
  2711                           
  2712                           	psect	text14
  2713     0501                     __ptext14:	
  2714 ;; *************** function ___lldiv *****************
  2715 ;; Defined at:
  2716 ;;		line 5 in file "C:\Program Files\Microchip\xc8\v3.10\pic\sources\c99\common\__lldiv.c"
  2717 ;; Parameters:    Size  Location     Type
  2718 ;;  divisor         4    0[BANK0 ] unsigned long 
  2719 ;;  dividend        4    4[BANK0 ] unsigned long 
  2720 ;; Auto vars:     Size  Location     Type
  2721 ;;  quotient        4    8[BANK0 ] unsigned long 
  2722 ;;  counter         1   12[BANK0 ] unsigned char 
  2723 ;; Return value:  Size  Location     Type
  2724 ;;                  4    0[BANK0 ] unsigned long 
  2725 ;; Registers used:
  2726 ;;		wreg, status,2, status,0
  2727 ;; Tracked objects:
  2728 ;;		On entry : 0/0
  2729 ;;		On exit  : 0/0
  2730 ;;		Unchanged: 0/0
  2731 ;; Data sizes:     COMMON   BANK0   BANK1   BANK3   BANK2
  2732 ;;      Params:         0       8       0       0       0
  2733 ;;      Locals:         0       5       0       0       0
  2734 ;;      Temps:          1       0       0       0       0
  2735 ;;      Totals:         1      13       0       0       0
  2736 ;;Total ram usage:       14 bytes
  2737 ;; Hardware stack levels used: 1
  2738 ;; This function calls:
  2739 ;;		Nothing
  2740 ;; This function is called by:
  2741 ;;		_main
  2742 ;; This function uses a non-reentrant model
  2743 ;;
  2744                           
  2745     0501                     ___lldiv:	
  2746                           ;psect for function ___lldiv
  2747                           
  2748     0501                     l1352:	
  2749                           ;incstack = 0
  2750                           ; Regs used in ___lldiv: [wreg+status,2+status,0]
  2751                           
  2752     0501  3000               	movlw	0
  2753     0502  1283               	bcf	3,5	;RP0=0, select bank0
  2754     0503  1303               	bcf	3,6	;RP1=0, select bank0
  2755     0504  00AB               	movwf	___lldiv@quotient+3
  2756     0505  3000               	movlw	0
  2757     0506  00AA               	movwf	___lldiv@quotient+2
  2758     0507  3000               	movlw	0
  2759     0508  00A9               	movwf	___lldiv@quotient+1
  2760     0509  3000               	movlw	0
  2761     050A  00A8               	movwf	___lldiv@quotient
  2762     050B  0823               	movf	___lldiv@divisor+3,w
  2763     050C  0422               	iorwf	___lldiv@divisor+2,w
  2764     050D  0421               	iorwf	___lldiv@divisor+1,w
  2765     050E  0420               	iorwf	___lldiv@divisor,w
  2766     050F  1903               	skipnz
  2767     0510  2D12               	goto	u981
  2768     0511  2D13               	goto	u980
  2769     0512                     u981:
  2770     0512  2D5E               	goto	l1372
  2771     0513                     u980:
  2772     0513                     l1354:
  2773     0513  3001               	movlw	1
  2774     0514  00AC               	movwf	___lldiv@counter
  2775     0515  2D21               	goto	l1358
  2776     0516                     l1356:
  2777     0516  3001               	movlw	1
  2778     0517  00FD               	movwf	??___lldiv
  2779     0518                     u995:
  2780     0518  1003               	clrc
  2781     0519  0DA0               	rlf	___lldiv@divisor,f
  2782     051A  0DA1               	rlf	___lldiv@divisor+1,f
  2783     051B  0DA2               	rlf	___lldiv@divisor+2,f
  2784     051C  0DA3               	rlf	___lldiv@divisor+3,f
  2785     051D  0BFD               	decfsz	??___lldiv,f
  2786     051E  2D18               	goto	u995
  2787     051F  3001               	movlw	1
  2788     0520  07AC               	addwf	___lldiv@counter,f
  2789     0521                     l1358:
  2790     0521  1FA3               	btfss	___lldiv@divisor+3,7
  2791     0522  2D24               	goto	u1001
  2792     0523  2D25               	goto	u1000
  2793     0524                     u1001:
  2794     0524  2D16               	goto	l1356
  2795     0525                     u1000:
  2796     0525                     l1360:
  2797     0525  3001               	movlw	1
  2798     0526  00FD               	movwf	??___lldiv
  2799     0527                     u1015:
  2800     0527  1003               	clrc
  2801     0528  0DA8               	rlf	___lldiv@quotient,f
  2802     0529  0DA9               	rlf	___lldiv@quotient+1,f
  2803     052A  0DAA               	rlf	___lldiv@quotient+2,f
  2804     052B  0DAB               	rlf	___lldiv@quotient+3,f
  2805     052C  0BFD               	decfsz	??___lldiv,f
  2806     052D  2D27               	goto	u1015
  2807     052E                     l1362:
  2808     052E  0823               	movf	___lldiv@divisor+3,w
  2809     052F  0227               	subwf	___lldiv@dividend+3,w
  2810     0530  1D03               	skipz
  2811     0531  2D3C               	goto	u1025
  2812     0532  0822               	movf	___lldiv@divisor+2,w
  2813     0533  0226               	subwf	___lldiv@dividend+2,w
  2814     0534  1D03               	skipz
  2815     0535  2D3C               	goto	u1025
  2816     0536  0821               	movf	___lldiv@divisor+1,w
  2817     0537  0225               	subwf	___lldiv@dividend+1,w
  2818     0538  1D03               	skipz
  2819     0539  2D3C               	goto	u1025
  2820     053A  0820               	movf	___lldiv@divisor,w
  2821     053B  0224               	subwf	___lldiv@dividend,w
  2822     053C                     u1025:
  2823     053C  1C03               	skipc
  2824     053D  2D3F               	goto	u1021
  2825     053E  2D40               	goto	u1020
  2826     053F                     u1021:
  2827     053F  2D4F               	goto	l1368
  2828     0540                     u1020:
  2829     0540                     l1364:
  2830     0540  0820               	movf	___lldiv@divisor,w
  2831     0541  02A4               	subwf	___lldiv@dividend,f
  2832     0542  0821               	movf	___lldiv@divisor+1,w
  2833     0543  1C03               	skipc
  2834     0544  0F21               	incfsz	___lldiv@divisor+1,w
  2835     0545  02A5               	subwf	___lldiv@dividend+1,f
  2836     0546  0822               	movf	___lldiv@divisor+2,w
  2837     0547  1C03               	skipc
  2838     0548  0F22               	incfsz	___lldiv@divisor+2,w
  2839     0549  02A6               	subwf	___lldiv@dividend+2,f
  2840     054A  0823               	movf	___lldiv@divisor+3,w
  2841     054B  1C03               	skipc
  2842     054C  0F23               	incfsz	___lldiv@divisor+3,w
  2843     054D  02A7               	subwf	___lldiv@dividend+3,f
  2844     054E                     l1366:
  2845     054E  1428               	bsf	___lldiv@quotient,0
  2846     054F                     l1368:
  2847     054F  3001               	movlw	1
  2848     0550                     u1035:
  2849     0550  1003               	clrc
  2850     0551  0CA3               	rrf	___lldiv@divisor+3,f
  2851     0552  0CA2               	rrf	___lldiv@divisor+2,f
  2852     0553  0CA1               	rrf	___lldiv@divisor+1,f
  2853     0554  0CA0               	rrf	___lldiv@divisor,f
  2854     0555  3EFF               	addlw	-1
  2855     0556  1D03               	skipz
  2856     0557  2D50               	goto	u1035
  2857     0558                     l1370:
  2858     0558  3001               	movlw	1
  2859     0559  02AC               	subwf	___lldiv@counter,f
  2860     055A  1D03               	btfss	3,2
  2861     055B  2D5D               	goto	u1041
  2862     055C  2D5E               	goto	u1040
  2863     055D                     u1041:
  2864     055D  2D25               	goto	l1360
  2865     055E                     u1040:
  2866     055E                     l1372:
  2867     055E  082B               	movf	___lldiv@quotient+3,w
  2868     055F  00A3               	movwf	?___lldiv+3
  2869     0560  082A               	movf	___lldiv@quotient+2,w
  2870     0561  00A2               	movwf	?___lldiv+2
  2871     0562  0829               	movf	___lldiv@quotient+1,w
  2872     0563  00A1               	movwf	?___lldiv+1
  2873     0564  0828               	movf	___lldiv@quotient,w
  2874     0565  00A0               	movwf	?___lldiv
  2875     0566                     l200:
  2876     0566  0008               	return
  2877     0567                     __end_of___lldiv:
  2878                           
  2879                           	psect	text15
  2880     02F4                     __ptext15:	
  2881 ;; *************** function _LCD_String *****************
  2882 ;; Defined at:
  2883 ;;		line 155 in file "adc-1.c"
  2884 ;; Parameters:    Size  Location     Type
  2885 ;;  str             2    3[COMMON] PTR const unsigned char 
  2886 ;;		 -> main@buffer(16), STR_4(4), STR_3(5), STR_2(17), 
  2887 ;;		 -> STR_1(17), 
  2888 ;; Auto vars:     Size  Location     Type
  2889 ;;		None
  2890 ;; Return value:  Size  Location     Type
  2891 ;;                  1    wreg      void 
  2892 ;; Registers used:
  2893 ;;		wreg, fsr0l, fsr0h, status,2, status,0, pclath, btemp1, cstack
  2894 ;; Tracked objects:
  2895 ;;		On entry : 0/0
  2896 ;;		On exit  : 0/0
  2897 ;;		Unchanged: 0/0
  2898 ;; Data sizes:     COMMON   BANK0   BANK1   BANK3   BANK2
  2899 ;;      Params:         2       0       0       0       0
  2900 ;;      Locals:         0       0       0       0       0
  2901 ;;      Temps:          0       0       0       0       0
  2902 ;;      Totals:         2       0       0       0       0
  2903 ;;Total ram usage:        2 bytes
  2904 ;; Hardware stack levels used: 1
  2905 ;; Hardware stack levels required when called: 1
  2906 ;; This function calls:
  2907 ;;		_LCD_Data
  2908 ;; This function is called by:
  2909 ;;		_main
  2910 ;; This function uses a non-reentrant model
  2911 ;;
  2912                           
  2913     02F4                     _LCD_String:	
  2914                           ;psect for function _LCD_String
  2915                           
  2916     02F4                     l1298:	
  2917                           ;incstack = 0
  2918                           ; Regs used in _LCD_String: [wreg-fsr0h+status,2+status,0+pclath+btemp1+cstack]
  2919                           
  2920                           
  2921                           ;adc-1.c: 156:     while(*str) {
  2922     02F4  2B09               	goto	l1304
  2923     02F5                     l1300:
  2924                           
  2925                           ;adc-1.c: 157:         LCD_Data(*str++);
  2926     02F5  0874               	movf	LCD_String@str+1,w
  2927     02F6  00FF               	movwf	btemp1
  2928     02F7  0873               	movf	LCD_String@str,w
  2929     02F8  0084               	movwf	4
  2930     02F9  120A  118A  2003  120A  118A  	fcall	stringtab
  2931     02FE  120A  118A  2274  120A  118A  	fcall	_LCD_Data
  2932     0303                     l1302:
  2933     0303  3001               	movlw	1
  2934     0304  07F3               	addwf	LCD_String@str,f
  2935     0305  1803               	skipnc
  2936     0306  0AF4               	incf	LCD_String@str+1,f
  2937     0307  3000               	movlw	0
  2938     0308  07F4               	addwf	LCD_String@str+1,f
  2939     0309                     l1304:
  2940                           
  2941                           ;adc-1.c: 156:     while(*str) {
  2942     0309  0874               	movf	LCD_String@str+1,w
  2943     030A  1283               	bcf	3,5	;RP0=0, select bank0
  2944     030B  1303               	bcf	3,6	;RP1=0, select bank0
  2945     030C  00FF               	movwf	btemp1
  2946     030D  0873               	movf	LCD_String@str,w
  2947     030E  0084               	movwf	4
  2948     030F  120A  118A  2003  120A  118A  	fcall	stringtab
  2949     0314  3A00               	xorlw	0
  2950     0315  1D03               	skipz
  2951     0316  2B18               	goto	u891
  2952     0317  2B19               	goto	u890
  2953     0318                     u891:
  2954     0318  2AF5               	goto	l1300
  2955     0319                     u890:
  2956     0319                     l70:
  2957     0319  0008               	return
  2958     031A                     __end_of_LCD_String:
  2959                           
  2960                           	psect	text16
  2961     0274                     __ptext16:	
  2962 ;; *************** function _LCD_Data *****************
  2963 ;; Defined at:
  2964 ;;		line 145 in file "adc-1.c"
  2965 ;; Parameters:    Size  Location     Type
  2966 ;;  data            1    wreg     unsigned char 
  2967 ;; Auto vars:     Size  Location     Type
  2968 ;;  data            1    2[COMMON] unsigned char 
  2969 ;; Return value:  Size  Location     Type
  2970 ;;                  1    wreg      void 
  2971 ;; Registers used:
  2972 ;;		wreg
  2973 ;; Tracked objects:
  2974 ;;		On entry : 0/0
  2975 ;;		On exit  : 0/0
  2976 ;;		Unchanged: 0/0
  2977 ;; Data sizes:     COMMON   BANK0   BANK1   BANK3   BANK2
  2978 ;;      Params:         0       0       0       0       0
  2979 ;;      Locals:         1       0       0       0       0
  2980 ;;      Temps:          2       0       0       0       0
  2981 ;;      Totals:         3       0       0       0       0
  2982 ;;Total ram usage:        3 bytes
  2983 ;; Hardware stack levels used: 1
  2984 ;; This function calls:
  2985 ;;		Nothing
  2986 ;; This function is called by:
  2987 ;;		_LCD_String
  2988 ;; This function uses a non-reentrant model
  2989 ;;
  2990                           
  2991     0274                     _LCD_Data:	
  2992                           ;psect for function _LCD_Data
  2993                           
  2994                           
  2995                           ;incstack = 0
  2996                           ; Regs used in _LCD_Data: [wreg]
  2997                           ;LCD_Data@data stored from wreg
  2998     0274  00F2               	movwf	LCD_Data@data
  2999     0275                     l1260:
  3000                           
  3001                           ;adc-1.c: 146:     PORTEbits.RE0 = 1;
  3002     0275  1283               	bcf	3,5	;RP0=0, select bank0
  3003     0276  1303               	bcf	3,6	;RP1=0, select bank0
  3004     0277  1409               	bsf	9,0	;volatile
  3005     0278                     l1262:
  3006                           
  3007                           ;adc-1.c: 147:     PORTD = data;
  3008     0278  0872               	movf	LCD_Data@data,w
  3009     0279  0088               	movwf	8	;volatile
  3010     027A                     l1264:
  3011                           
  3012                           ;adc-1.c: 148:     PORTEbits.RE1 = 1;
  3013     027A  1489               	bsf	9,1	;volatile
  3014     027B                     l1266:
  3015                           
  3016                           ;adc-1.c: 149:     _delay((unsigned long)((1)*(4000000/4000000.0)));
  3017     027B  0000               	nop
  3018     027C                     l1268:
  3019                           
  3020                           ;adc-1.c: 150:     PORTEbits.RE1 = 0;
  3021     027C  1283               	bcf	3,5	;RP0=0, select bank0
  3022     027D  1303               	bcf	3,6	;RP1=0, select bank0
  3023     027E  1089               	bcf	9,1	;volatile
  3024                           
  3025                           ;adc-1.c: 151:     _delay((unsigned long)((2)*(4000000/4000.0)));
  3026     027F  3003               	movlw	3
  3027     0280  00F1               	movwf	??_LCD_Data+1
  3028     0281  3097               	movlw	151
  3029     0282  00F0               	movwf	??_LCD_Data
  3030     0283                     u1077:
  3031     0283  0BF0               	decfsz	??_LCD_Data,f
  3032     0284  2A83               	goto	u1077
  3033     0285  0BF1               	decfsz	??_LCD_Data+1,f
  3034     0286  2A83               	goto	u1077
  3035     0287  2A88               	nop2
  3036     0288                     l64:
  3037     0288  0008               	return
  3038     0289                     __end_of_LCD_Data:
  3039                           
  3040                           	psect	text17
  3041     0341                     __ptext17:	
  3042 ;; *************** function _LCD_Init *****************
  3043 ;; Defined at:
  3044 ;;		line 124 in file "adc-1.c"
  3045 ;; Parameters:    Size  Location     Type
  3046 ;;		None
  3047 ;; Auto vars:     Size  Location     Type
  3048 ;;		None
  3049 ;; Return value:  Size  Location     Type
  3050 ;;                  1    wreg      void 
  3051 ;; Registers used:
  3052 ;;		wreg, status,2, status,0, pclath, cstack
  3053 ;; Tracked objects:
  3054 ;;		On entry : 0/0
  3055 ;;		On exit  : 0/0
  3056 ;;		Unchanged: 0/0
  3057 ;; Data sizes:     COMMON   BANK0   BANK1   BANK3   BANK2
  3058 ;;      Params:         0       0       0       0       0
  3059 ;;      Locals:         0       0       0       0       0
  3060 ;;      Temps:          2       0       0       0       0
  3061 ;;      Totals:         2       0       0       0       0
  3062 ;;Total ram usage:        2 bytes
  3063 ;; Hardware stack levels used: 1
  3064 ;; Hardware stack levels required when called: 1
  3065 ;; This function calls:
  3066 ;;		_LCD_Cmd
  3067 ;; This function is called by:
  3068 ;;		_main
  3069 ;; This function uses a non-reentrant model
  3070 ;;
  3071                           
  3072     0341                     _LCD_Init:	
  3073                           ;psect for function _LCD_Init
  3074                           
  3075     0341                     l1280:	
  3076                           ;incstack = 0
  3077                           ; Regs used in _LCD_Init: [wreg+status,2+status,0+pclath+cstack]
  3078                           
  3079                           
  3080                           ;adc-1.c: 125:     _delay((unsigned long)((50)*(4000000/4000.0)));
  3081     0341  3041               	movlw	65
  3082     0342  00F4               	movwf	??_LCD_Init+1
  3083     0343  30EE               	movlw	238
  3084     0344  00F3               	movwf	??_LCD_Init
  3085     0345                     u1087:
  3086     0345  0BF3               	decfsz	??_LCD_Init,f
  3087     0346  2B45               	goto	u1087
  3088     0347  0BF4               	decfsz	??_LCD_Init+1,f
  3089     0348  2B45               	goto	u1087
  3090     0349  0000               	nop
  3091     034A                     l1282:
  3092                           
  3093                           ;adc-1.c: 127:     LCD_Cmd(0x38);
  3094     034A  3038               	movlw	56
  3095     034B  120A  118A  225F  120A  118A  	fcall	_LCD_Cmd
  3096     0350                     l1284:
  3097                           
  3098                           ;adc-1.c: 128:     LCD_Cmd(0x0C);
  3099     0350  300C               	movlw	12
  3100     0351  120A  118A  225F  120A  118A  	fcall	_LCD_Cmd
  3101     0356                     l1286:
  3102                           
  3103                           ;adc-1.c: 129:     LCD_Cmd(0x06);
  3104     0356  3006               	movlw	6
  3105     0357  120A  118A  225F  120A  118A  	fcall	_LCD_Cmd
  3106     035C                     l1288:
  3107                           
  3108                           ;adc-1.c: 130:     LCD_Cmd(0x01);
  3109     035C  3001               	movlw	1
  3110     035D  120A  118A  225F  120A  118A  	fcall	_LCD_Cmd
  3111                           
  3112                           ;adc-1.c: 131:     _delay((unsigned long)((2)*(4000000/4000.0)));
  3113     0362  3003               	movlw	3
  3114     0363  00F4               	movwf	??_LCD_Init+1
  3115     0364  3097               	movlw	151
  3116     0365  00F3               	movwf	??_LCD_Init
  3117     0366                     u1097:
  3118     0366  0BF3               	decfsz	??_LCD_Init,f
  3119     0367  2B66               	goto	u1097
  3120     0368  0BF4               	decfsz	??_LCD_Init+1,f
  3121     0369  2B66               	goto	u1097
  3122     036A  2B6B               	nop2
  3123     036B                     l58:
  3124     036B  0008               	return
  3125     036C                     __end_of_LCD_Init:
  3126                           
  3127                           	psect	text18
  3128     024B                     __ptext18:	
  3129 ;; *************** function _LCD_Goto *****************
  3130 ;; Defined at:
  3131 ;;		line 168 in file "adc-1.c"
  3132 ;; Parameters:    Size  Location     Type
  3133 ;;  row             1    wreg     unsigned char 
  3134 ;;  col             1    3[COMMON] unsigned char 
  3135 ;; Auto vars:     Size  Location     Type
  3136 ;;  row             1    4[COMMON] unsigned char 
  3137 ;;  address         1    5[COMMON] unsigned char 
  3138 ;; Return value:  Size  Location     Type
  3139 ;;                  1    wreg      void 
  3140 ;; Registers used:
  3141 ;;		wreg, status,2, status,0, pclath, cstack
  3142 ;; Tracked objects:
  3143 ;;		On entry : 0/0
  3144 ;;		On exit  : 0/0
  3145 ;;		Unchanged: 0/0
  3146 ;; Data sizes:     COMMON   BANK0   BANK1   BANK3   BANK2
  3147 ;;      Params:         1       0       0       0       0
  3148 ;;      Locals:         2       0       0       0       0
  3149 ;;      Temps:          0       0       0       0       0
  3150 ;;      Totals:         3       0       0       0       0
  3151 ;;Total ram usage:        3 bytes
  3152 ;; Hardware stack levels used: 1
  3153 ;; Hardware stack levels required when called: 1
  3154 ;; This function calls:
  3155 ;;		_LCD_Cmd
  3156 ;; This function is called by:
  3157 ;;		_main
  3158 ;; This function uses a non-reentrant model
  3159 ;;
  3160                           
  3161     024B                     _LCD_Goto:	
  3162                           ;psect for function _LCD_Goto
  3163                           
  3164                           
  3165                           ;incstack = 0
  3166                           ; Regs used in _LCD_Goto: [wreg+status,2+status,0+pclath+cstack]
  3167                           ;LCD_Goto@row stored from wreg
  3168     024B  00F4               	movwf	LCD_Goto@row
  3169     024C                     l1306:
  3170                           
  3171                           ;adc-1.c: 169:     unsigned char address;;adc-1.c: 172:     if(row == 1)
  3172     024C  0374               	decf	LCD_Goto@row,w
  3173     024D  1D03               	btfss	3,2
  3174     024E  2A50               	goto	u901
  3175     024F  2A51               	goto	u900
  3176     0250                     u901:
  3177     0250  2A55               	goto	l1310
  3178     0251                     u900:
  3179     0251                     l1308:
  3180                           
  3181                           ;adc-1.c: 173:         address = 0x80 + (col - 1);
  3182     0251  0873               	movf	LCD_Goto@col,w
  3183     0252  3E7F               	addlw	127
  3184     0253  00F5               	movwf	LCD_Goto@address
  3185     0254  2A58               	goto	l1312
  3186     0255                     l1310:
  3187                           
  3188                           ;adc-1.c: 175:         address = 0xC0 + (col - 1);
  3189     0255  0873               	movf	LCD_Goto@col,w
  3190     0256  3EBF               	addlw	191
  3191     0257  00F5               	movwf	LCD_Goto@address
  3192     0258                     l1312:
  3193                           
  3194                           ;adc-1.c: 177:     LCD_Cmd(address);
  3195     0258  0875               	movf	LCD_Goto@address,w
  3196     0259  120A  118A  225F  120A  118A  	fcall	_LCD_Cmd
  3197     025E                     l78:
  3198     025E  0008               	return
  3199     025F                     __end_of_LCD_Goto:
  3200                           
  3201                           	psect	text19
  3202     0229                     __ptext19:	
  3203 ;; *************** function _LCD_Clear *****************
  3204 ;; Defined at:
  3205 ;;		line 162 in file "adc-1.c"
  3206 ;; Parameters:    Size  Location     Type
  3207 ;;		None
  3208 ;; Auto vars:     Size  Location     Type
  3209 ;;		None
  3210 ;; Return value:  Size  Location     Type
  3211 ;;                  1    wreg      void 
  3212 ;; Registers used:
  3213 ;;		wreg, status,2, status,0, pclath, cstack
  3214 ;; Tracked objects:
  3215 ;;		On entry : 0/0
  3216 ;;		On exit  : 0/0
  3217 ;;		Unchanged: 0/0
  3218 ;; Data sizes:     COMMON   BANK0   BANK1   BANK3   BANK2
  3219 ;;      Params:         0       0       0       0       0
  3220 ;;      Locals:         0       0       0       0       0
  3221 ;;      Temps:          2       0       0       0       0
  3222 ;;      Totals:         2       0       0       0       0
  3223 ;;Total ram usage:        2 bytes
  3224 ;; Hardware stack levels used: 1
  3225 ;; Hardware stack levels required when called: 1
  3226 ;; This function calls:
  3227 ;;		_LCD_Cmd
  3228 ;; This function is called by:
  3229 ;;		_main
  3230 ;; This function uses a non-reentrant model
  3231 ;;
  3232                           
  3233     0229                     _LCD_Clear:	
  3234                           ;psect for function _LCD_Clear
  3235                           
  3236     0229                     l1294:	
  3237                           ;incstack = 0
  3238                           ; Regs used in _LCD_Clear: [wreg+status,2+status,0+pclath+cstack]
  3239                           
  3240                           
  3241                           ;adc-1.c: 163:     LCD_Cmd(0x01);
  3242     0229  3001               	movlw	1
  3243     022A  120A  118A  225F  120A  118A  	fcall	_LCD_Cmd
  3244     022F                     l1296:
  3245                           
  3246                           ;adc-1.c: 164:     _delay((unsigned long)((2)*(4000000/4000.0)));
  3247     022F  3003               	movlw	3
  3248     0230  00F4               	movwf	??_LCD_Clear+1
  3249     0231  3097               	movlw	151
  3250     0232  00F3               	movwf	??_LCD_Clear
  3251     0233                     u1107:
  3252     0233  0BF3               	decfsz	??_LCD_Clear,f
  3253     0234  2A33               	goto	u1107
  3254     0235  0BF4               	decfsz	??_LCD_Clear+1,f
  3255     0236  2A33               	goto	u1107
  3256     0237  2A38               	nop2
  3257     0238                     l73:
  3258     0238  0008               	return
  3259     0239                     __end_of_LCD_Clear:
  3260                           
  3261                           	psect	text20
  3262     025F                     __ptext20:	
  3263 ;; *************** function _LCD_Cmd *****************
  3264 ;; Defined at:
  3265 ;;		line 135 in file "adc-1.c"
  3266 ;; Parameters:    Size  Location     Type
  3267 ;;  cmd             1    wreg     unsigned char 
  3268 ;; Auto vars:     Size  Location     Type
  3269 ;;  cmd             1    2[COMMON] unsigned char 
  3270 ;; Return value:  Size  Location     Type
  3271 ;;                  1    wreg      void 
  3272 ;; Registers used:
  3273 ;;		wreg
  3274 ;; Tracked objects:
  3275 ;;		On entry : 0/0
  3276 ;;		On exit  : 0/0
  3277 ;;		Unchanged: 0/0
  3278 ;; Data sizes:     COMMON   BANK0   BANK1   BANK3   BANK2
  3279 ;;      Params:         0       0       0       0       0
  3280 ;;      Locals:         1       0       0       0       0
  3281 ;;      Temps:          2       0       0       0       0
  3282 ;;      Totals:         3       0       0       0       0
  3283 ;;Total ram usage:        3 bytes
  3284 ;; Hardware stack levels used: 1
  3285 ;; This function calls:
  3286 ;;		Nothing
  3287 ;; This function is called by:
  3288 ;;		_LCD_Init
  3289 ;;		_LCD_Clear
  3290 ;;		_LCD_Goto
  3291 ;; This function uses a non-reentrant model
  3292 ;;
  3293                           
  3294     025F                     _LCD_Cmd:	
  3295                           ;psect for function _LCD_Cmd
  3296                           
  3297                           
  3298                           ;incstack = 0
  3299                           ; Regs used in _LCD_Cmd: [wreg]
  3300                           ;LCD_Cmd@cmd stored from wreg
  3301     025F  00F2               	movwf	LCD_Cmd@cmd
  3302     0260                     l1250:
  3303                           
  3304                           ;adc-1.c: 136:     PORTEbits.RE0 = 0;
  3305     0260  1283               	bcf	3,5	;RP0=0, select bank0
  3306     0261  1303               	bcf	3,6	;RP1=0, select bank0
  3307     0262  1009               	bcf	9,0	;volatile
  3308     0263                     l1252:
  3309                           
  3310                           ;adc-1.c: 137:     PORTD = cmd;
  3311     0263  0872               	movf	LCD_Cmd@cmd,w
  3312     0264  0088               	movwf	8	;volatile
  3313     0265                     l1254:
  3314                           
  3315                           ;adc-1.c: 138:     PORTEbits.RE1 = 1;
  3316     0265  1489               	bsf	9,1	;volatile
  3317     0266                     l1256:
  3318                           
  3319                           ;adc-1.c: 139:     _delay((unsigned long)((1)*(4000000/4000000.0)));
  3320     0266  0000               	nop
  3321     0267                     l1258:
  3322                           
  3323                           ;adc-1.c: 140:     PORTEbits.RE1 = 0;
  3324     0267  1283               	bcf	3,5	;RP0=0, select bank0
  3325     0268  1303               	bcf	3,6	;RP1=0, select bank0
  3326     0269  1089               	bcf	9,1	;volatile
  3327                           
  3328                           ;adc-1.c: 141:     _delay((unsigned long)((2)*(4000000/4000.0)));
  3329     026A  3003               	movlw	3
  3330     026B  00F1               	movwf	??_LCD_Cmd+1
  3331     026C  3097               	movlw	151
  3332     026D  00F0               	movwf	??_LCD_Cmd
  3333     026E                     u1117:
  3334     026E  0BF0               	decfsz	??_LCD_Cmd,f
  3335     026F  2A6E               	goto	u1117
  3336     0270  0BF1               	decfsz	??_LCD_Cmd+1,f
  3337     0271  2A6E               	goto	u1117
  3338     0272  2A73               	nop2
  3339     0273                     l61:
  3340     0273  0008               	return
  3341     0274                     __end_of_LCD_Cmd:
  3342                           
  3343                           	psect	text21
  3344     031A                     __ptext21:	
  3345 ;; *************** function _ADC_Read *****************
  3346 ;; Defined at:
  3347 ;;		line 101 in file "adc-1.c"
  3348 ;; Parameters:    Size  Location     Type
  3349 ;;  channel         1    wreg     unsigned char 
  3350 ;; Auto vars:     Size  Location     Type
  3351 ;;  channel         1    5[COMMON] unsigned char 
  3352 ;;  result          2    3[COMMON] unsigned int 
  3353 ;; Return value:  Size  Location     Type
  3354 ;;                  2    0[COMMON] unsigned int 
  3355 ;; Registers used:
  3356 ;;		wreg, status,2, status,0
  3357 ;; Tracked objects:
  3358 ;;		On entry : 0/0
  3359 ;;		On exit  : 0/0
  3360 ;;		Unchanged: 0/0
  3361 ;; Data sizes:     COMMON   BANK0   BANK1   BANK3   BANK2
  3362 ;;      Params:         2       0       0       0       0
  3363 ;;      Locals:         3       0       0       0       0
  3364 ;;      Temps:          1       0       0       0       0
  3365 ;;      Totals:         6       0       0       0       0
  3366 ;;Total ram usage:        6 bytes
  3367 ;; Hardware stack levels used: 1
  3368 ;; This function calls:
  3369 ;;		Nothing
  3370 ;; This function is called by:
  3371 ;;		_main
  3372 ;; This function uses a non-reentrant model
  3373 ;;
  3374                           
  3375     031A                     _ADC_Read:	
  3376                           ;psect for function _ADC_Read
  3377                           
  3378                           
  3379                           ;incstack = 0
  3380                           ; Regs used in _ADC_Read: [wreg+status,2+status,0]
  3381                           ;ADC_Read@channel stored from wreg
  3382     031A  00F5               	movwf	ADC_Read@channel
  3383     031B                     l1314:
  3384                           
  3385                           ;adc-1.c: 102:     unsigned int result;;adc-1.c: 106:     ADCON0 &= 0b11000111;
  3386     031B  30C7               	movlw	199
  3387     031C  1283               	bcf	3,5	;RP0=0, select bank0
  3388     031D  1303               	bcf	3,6	;RP1=0, select bank0
  3389     031E  059F               	andwf	31,f	;volatile
  3390                           
  3391                           ;adc-1.c: 107:     ADCON0 |= (channel << 3);
  3392     031F  0875               	movf	ADC_Read@channel,w	;volatile
  3393     0320  00F2               	movwf	??_ADC_Read
  3394     0321  3002               	movlw	2
  3395     0322                     u915:
  3396     0322  1003               	clrc
  3397     0323  0DF2               	rlf	??_ADC_Read,f
  3398     0324  3EFF               	addlw	-1
  3399     0325  1D03               	skipz
  3400     0326  2B22               	goto	u915
  3401     0327  1003               	clrc
  3402     0328  0D72               	rlf	??_ADC_Read,w
  3403     0329  049F               	iorwf	31,f	;volatile
  3404     032A                     l1316:
  3405                           
  3406                           ;adc-1.c: 109:     _delay((unsigned long)((20)*(4000000/4000000.0)));
  3407     032A  3006               	movlw	6
  3408     032B  00F2               	movwf	??_ADC_Read
  3409     032C                     u1127:
  3410     032C  0BF2               	decfsz	??_ADC_Read,f
  3411     032D  2B2C               	goto	u1127
  3412     032E  0000               	nop
  3413     032F                     l1318:
  3414                           
  3415                           ;adc-1.c: 112:     GO_nDONE = 1;
  3416     032F  1283               	bcf	3,5	;RP0=0, select bank0
  3417     0330  1303               	bcf	3,6	;RP1=0, select bank0
  3418     0331  151F               	bsf	31,2	;volatile
  3419     0332                     l52:	
  3420                           ;adc-1.c: 115:     while(GO_nDONE);
  3421                           
  3422     0332  191F               	btfsc	31,2	;volatile
  3423     0333  2B35               	goto	u921
  3424     0334  2B36               	goto	u920
  3425     0335                     u921:
  3426     0335  2B32               	goto	l52
  3427     0336                     u920:
  3428     0336                     l1320:
  3429                           
  3430                           ;adc-1.c: 118:     result = (ADRESH << 8) | ADRESL;
  3431     0336  081E               	movf	30,w	;volatile
  3432     0337  00F4               	movwf	ADC_Read@result+1
  3433     0338  1683               	bsf	3,5	;RP0=1, select bank1
  3434     0339  1303               	bcf	3,6	;RP1=0, select bank1
  3435     033A  081E               	movf	30,w	;volatile
  3436     033B  00F3               	movwf	ADC_Read@result
  3437                           
  3438                           ;adc-1.c: 120:     return result;
  3439     033C  0874               	movf	ADC_Read@result+1,w
  3440     033D  00F1               	movwf	?_ADC_Read+1
  3441     033E  0873               	movf	ADC_Read@result,w
  3442     033F  00F0               	movwf	?_ADC_Read
  3443     0340                     l55:
  3444     0340  0008               	return
  3445     0341                     __end_of_ADC_Read:
  3446                           
  3447                           	psect	text22
  3448     0239                     __ptext22:	
  3449 ;; *************** function _ADC_Init *****************
  3450 ;; Defined at:
  3451 ;;		line 79 in file "adc-1.c"
  3452 ;; Parameters:    Size  Location     Type
  3453 ;;		None
  3454 ;; Auto vars:     Size  Location     Type
  3455 ;;		None
  3456 ;; Return value:  Size  Location     Type
  3457 ;;                  1    wreg      void 
  3458 ;; Registers used:
  3459 ;;		wreg
  3460 ;; Tracked objects:
  3461 ;;		On entry : 0/0
  3462 ;;		On exit  : 0/0
  3463 ;;		Unchanged: 0/0
  3464 ;; Data sizes:     COMMON   BANK0   BANK1   BANK3   BANK2
  3465 ;;      Params:         0       0       0       0       0
  3466 ;;      Locals:         0       0       0       0       0
  3467 ;;      Temps:          2       0       0       0       0
  3468 ;;      Totals:         2       0       0       0       0
  3469 ;;Total ram usage:        2 bytes
  3470 ;; Hardware stack levels used: 1
  3471 ;; This function calls:
  3472 ;;		Nothing
  3473 ;; This function is called by:
  3474 ;;		_main
  3475 ;; This function uses a non-reentrant model
  3476 ;;
  3477                           
  3478     0239                     _ADC_Init:	
  3479                           ;psect for function _ADC_Init
  3480                           
  3481     0239                     l1290:	
  3482                           ;incstack = 0
  3483                           ; Regs used in _ADC_Init: [wreg]
  3484                           
  3485                           
  3486                           ;adc-1.c: 87:     ADCON0 = 0b01000001;
  3487     0239  3041               	movlw	65
  3488     023A  1283               	bcf	3,5	;RP0=0, select bank0
  3489     023B  1303               	bcf	3,6	;RP1=0, select bank0
  3490     023C  009F               	movwf	31	;volatile
  3491                           
  3492                           ;adc-1.c: 95:     ADCON1 = 0b10001110;
  3493     023D  308E               	movlw	142
  3494     023E  1683               	bsf	3,5	;RP0=1, select bank1
  3495     023F  1303               	bcf	3,6	;RP1=0, select bank1
  3496     0240  009F               	movwf	31	;volatile
  3497     0241                     l1292:
  3498                           
  3499                           ;adc-1.c: 97:     _delay((unsigned long)((20)*(4000000/4000.0)));
  3500     0241  301A               	movlw	26
  3501     0242  00F1               	movwf	??_ADC_Init+1
  3502     0243  30F8               	movlw	248
  3503     0244  00F0               	movwf	??_ADC_Init
  3504     0245                     u1137:
  3505     0245  0BF0               	decfsz	??_ADC_Init,f
  3506     0246  2A45               	goto	u1137
  3507     0247  0BF1               	decfsz	??_ADC_Init+1,f
  3508     0248  2A45               	goto	u1137
  3509     0249  0000               	nop
  3510     024A                     l49:
  3511     024A  0008               	return
  3512     024B                     __end_of_ADC_Init:
  3513     0002                     ___latbits      equ	2
  3514     007E                     btemp           set	126	;btemp
  3515     007E                     btemp0          set	126
  3516     007F                     btemp1          set	127
  3517     007E                     wtemp0          set	126
  3518     007F                     wtemp0a         set	127
  3519     007F                     ttemp0a         set	127
  3520     0080                     ltemp0a         set	128

Data Sizes:
    Strings     58
    Constant    0
    Data        0
    BSS         37
    Persistent  0
    Stack       0

Auto Spaces:
    Space          Size  Autos    Used
    COMMON           14     14      14
    BANK0            80     80      80
    BANK1            80      0      37
    BANK3            96      0       0
    BANK2            96      0       0

Pointer List with Targets:

    f$.$buffer	PTR unsigned char  size(2) Largest target is 16
		 -> main@buffer(BANK0[16]), 

    f$.$source	PTR const unsigned char  size(1) Largest target is 0

    fputc@fp	PTR struct _IO_FILE size(2) Largest target is 11
		 -> sprintf@f(BANK0[11]), 

    fputc@fp$.$buffer	PTR unsigned char  size(2) Largest target is 16
		 -> main@buffer(BANK0[16]), 

    fputc@fp$.$source	PTR const unsigned char  size(1) Largest target is 0

    fputs@fp	PTR struct _IO_FILE size(2) Largest target is 11
		 -> sprintf@f(BANK0[11]), 

    fputs@s	PTR const unsigned char  size(1) Largest target is 32
		 -> dbuf(BANK1[32]), 

    LCD_String@str	PTR const unsigned char  size(2) Largest target is 17
		 -> main@buffer(BANK0[16]), STR_1(CODE[17]), STR_2(CODE[17]), STR_3(CODE[5]), 
		 -> STR_4(CODE[4]), 

    pad@buf	PTR unsigned char  size(1) Largest target is 32
		 -> dbuf(BANK1[32]), 

    pad@fp	PTR struct _IO_FILE size(2) Largest target is 11
		 -> sprintf@f(BANK0[11]), 

    read_prec_or_width@ap	PTR PTR void [1] size(1) Largest target is 1
		 -> sprintf@ap(BANK0[1]), 

    read_prec_or_width@fmt	PTR PTR const unsigned char  size(1) Largest target is 1
		 -> vfprintf@cfmt(BANK0[1]), 

    S562$buffer	PTR unsigned char  size(2) Largest target is 16
		 -> main@buffer(BANK0[16]), 

    S562$source	PTR const unsigned char  size(1) Largest target is 0

    sprintf@ap	PTR void [1] size(1) Largest target is 2
		 -> ?_sprintf(BANK0[2]), 

    sprintf@fmt	PTR const unsigned char  size(1) Largest target is 8
		 -> STR_5(CODE[7]), STR_6(CODE[8]), 

    sprintf@s	PTR unsigned char  size(1) Largest target is 16
		 -> main@buffer(BANK0[16]), 

    utoa@fp	PTR struct _IO_FILE size(2) Largest target is 11
		 -> sprintf@f(BANK0[11]), 

    vfpfcnvrt@ap	PTR PTR void  size(1) Largest target is 1
		 -> sprintf@ap(BANK0[1]), 

    vfpfcnvrt@cp	PTR unsigned char  size(1) Largest target is 8
		 -> STR_5(CODE[7]), STR_6(CODE[8]), 

    vfpfcnvrt@fmt	PTR PTR unsigned char  size(1) Largest target is 1
		 -> vfprintf@cfmt(BANK0[1]), 

    vfpfcnvrt@fp	PTR struct _IO_FILE size(2) Largest target is 11
		 -> sprintf@f(BANK0[11]), 

    vfprintf@ap	PTR PTR void  size(1) Largest target is 1
		 -> sprintf@ap(BANK0[1]), 

    vfprintf@cfmt	PTR unsigned char  size(1) Largest target is 8
		 -> STR_5(CODE[7]), STR_6(CODE[8]), 

    vfprintf@fmt	PTR const unsigned char  size(1) Largest target is 8
		 -> STR_5(CODE[7]), STR_6(CODE[8]), 

    vfprintf@fp	PTR struct _IO_FILE size(2) Largest target is 11
		 -> sprintf@f(BANK0[11]), 


Critical Paths under _main in COMMON

    _main->___lldiv
    _utoa->_pad
    _pad->_fputc
    _fputs->_fputc
    _read_prec_or_width->___wmul
    ___lldiv->___lmul
    _LCD_String->_LCD_Data
    _LCD_Init->_LCD_Cmd
    _LCD_Goto->_LCD_Cmd
    _LCD_Clear->_LCD_Cmd

Critical Paths under _main in BANK0

    _main->_sprintf
    _sprintf->_vfprintf
    _vfprintf->_vfpfcnvrt
    _vfpfcnvrt->_utoa
    _utoa->_pad
    _pad->_fputs

Critical Paths under _main in BANK1

    None.

Critical Paths under _main in BANK3

    None.

Critical Paths under _main in BANK2

    None.

Call Graph Tables:

 ---------------------------------------------------------------------------------
 (Depth) Function   	        Calls       Base Space   Used Autos Params    Refs
 ---------------------------------------------------------------------------------
 (0) _main                                                23    23      0    3242
                                             57 BANK0     23    23      0
                           _ADC_Init
                           _ADC_Read
                          _LCD_Clear
                           _LCD_Goto
                           _LCD_Init
                         _LCD_String
                            ___lldiv
                             ___lmul
                            _sprintf
 ---------------------------------------------------------------------------------
 (1) _sprintf                                             19    15      4    2502
                                             40 BANK0     17    13      4
                           _vfprintf
 ---------------------------------------------------------------------------------
 (2) _vfprintf                                             5     1      4    2297
                                             35 BANK0      5     1      4
                          _vfpfcnvrt
 ---------------------------------------------------------------------------------
 (3) _vfpfcnvrt                                           13     9      4    2166
                                             24 BANK0     11     7      4
                              _fputc
                 _read_prec_or_width
                               _utoa
 ---------------------------------------------------------------------------------
 (4) _utoa                                                 9     5      4    1301
                                             15 BANK0      9     5      4
                            ___lwdiv
                            ___lwmod
                                _pad
 ---------------------------------------------------------------------------------
 (5) _pad                                                  8     3      5     747
                                             13 COMMON     1     1      0
                                              8 BANK0      7     2      5
                              _fputc
                              _fputs
 ---------------------------------------------------------------------------------
 (6) _fputs                                                8     5      3     333
                                              0 BANK0      8     5      3
                              _fputc
 ---------------------------------------------------------------------------------
 (7) _fputc                                               13     9      4     232
                                              0 COMMON    13     9      4
                              _putch
 ---------------------------------------------------------------------------------
 (8) _putch                                                1     1      0       0
 ---------------------------------------------------------------------------------
 (5) ___lwmod                                              5     1      4     161
                                              0 COMMON     5     1      4
 ---------------------------------------------------------------------------------
 (5) ___lwdiv                                              7     3      4     164
                                              0 COMMON     7     3      4
 ---------------------------------------------------------------------------------
 (4) _read_prec_or_width                                   5     3      2     276
                                              6 COMMON     5     3      2
                             ___wmul
 ---------------------------------------------------------------------------------
 (5) ___wmul                                               6     2      4      94
                                              0 COMMON     6     2      4
 ---------------------------------------------------------------------------------
 (1) ___lmul                                              13     5      8      94
                                              0 COMMON    13     5      8
 ---------------------------------------------------------------------------------
 (1) ___lldiv                                             14     6      8     164
                                             13 COMMON     1     1      0
                                              0 BANK0     13     5      8
                             ___lmul (ARG)
 ---------------------------------------------------------------------------------
 (1) _LCD_String                                           2     0      2      80
                                              3 COMMON     2     0      2
                           _LCD_Data
 ---------------------------------------------------------------------------------
 (2) _LCD_Data                                             3     3      0      29
                                              0 COMMON     3     3      0
 ---------------------------------------------------------------------------------
 (1) _LCD_Init                                             2     2      0      29
                                              3 COMMON     2     2      0
                            _LCD_Cmd
 ---------------------------------------------------------------------------------
 (1) _LCD_Goto                                             3     2      1     130
                                              3 COMMON     3     2      1
                            _LCD_Cmd
 ---------------------------------------------------------------------------------
 (1) _LCD_Clear                                            2     2      0      29
                                              3 COMMON     2     2      0
                            _LCD_Cmd
 ---------------------------------------------------------------------------------
 (2) _LCD_Cmd                                              3     3      0      29
                                              0 COMMON     3     3      0
 ---------------------------------------------------------------------------------
 (1) _ADC_Read                                             6     4      2      52
                                              0 COMMON     6     4      2
 ---------------------------------------------------------------------------------
 (1) _ADC_Init                                             2     2      0       0
                                              0 COMMON     2     2      0
 ---------------------------------------------------------------------------------
 Estimated maximum stack depth 8
 ---------------------------------------------------------------------------------

 Call Graph Graphs:

 _main (ROOT)
   _ADC_Init
   _ADC_Read
   _LCD_Clear
     _LCD_Cmd
   _LCD_Goto
     _LCD_Cmd
   _LCD_Init
     _LCD_Cmd
   _LCD_String
     _LCD_Data
   ___lldiv
     ___lmul (ARG)
   ___lmul
   _sprintf
     _vfprintf
       _vfpfcnvrt
         _fputc
           _putch
         _read_prec_or_width
           ___wmul
         _utoa
           ___lwdiv
           ___lwmod
           _pad
             _fputc
             _fputs
               _fputc

Address spaces:
Name               Size   Autos  Total    Usage
BITCOMMON           14      0       0      0.0%
BITBANK0            80      0       0      0.0%
BITBANK1            80      0       0      0.0%
BITBANK3            96      0       0      0.0%
BITBANK2            96      0       0      0.0%
COMMON              14     14      14    100.0%
BANK0               80     80      80    100.0%
BANK1               80      0      37     46.2%
BANK3               96      0       0      0.0%
BANK2               96      0       0      0.0%
STACK                0      0       0      0.0%
DATA                 0      0     131      0.0%


Microchip Technology PIC Macro Assembler V3.10 build 20250813170317 
Symbol Table                                                                                   Fri Nov 21 20:36:33 2025

                         pc 0002                          l52 0332                          l61 0273  
                        l70 0319                          l55 0340                          l64 0288  
                        l49 024A                          l73 0238                          l58 036B  
                        l78 025E                          fsr 0004         ___wmul@multiplicand 0072  
               ?_LCD_String 0073                         l200 0566                         l164 02DB  
                       l166 02F3                         l178 0456                         l444 0410  
                       l454 03CE                         l703 0396                         l706 0220  
                       l650 0500                         l627 02CE                         l645 04C5  
                       l648 04ED                         l666 04A9                         l658 05D7  
                       l683 02AB                         l676 070C                         l695 0671  
                       u530 05DE                         u531 05DD                         u620 02EF  
                       u700 039D                         u540 05E4                         u621 02EE  
                       u605 02DC                         u701 039C                         u541 05E3  
                       u630 03D7                         u550 0603                         u615 02E3  
                       u631 03D6                         u551 0602                         u720 03AD  
                       u560 0635                         u800 05BC                         u721 03AC  
                       u561 0634                         u801 05BB                         u650 03E7  
                       u730 03B7                         u570 0656                         u810 05C2  
                       u651 03E6                         u731 03B6                         u715 03A1  
                       u811 05C1                         u900 0251                         u580 0396  
                       u820 05C7                         u901 0250                         u645 03DB  
                       u565 0631                         u581 0395                         u821 05C6  
                       u590 02D5                         u830 0468                         u670 03F8  
                       u750 03CA                         u591 02D4                         u831 0467  
                       u671 03F7                         u751 03C9                         u735 03B3  
                       u920 0336                         u840 04A5                         u760 04B0  
                       u921 0335                         u841 04A4                         u665 03E8  
                       u745 03BE                         u761 04AF                         u930 041D  
                       u690 040C                         u770 04C3                         u850 0683  
                       u915 0322                         u931 041C                         u691 040B  
                       u675 03F4                         u771 04C2                         u851 0682  
                       u780 04ED                         u860 06A6                         u941 0426  
                       u685 0400                         u781 04EC                         u861 06A5  
                       u942 042D                         u790 04F3                         u870 06BF  
                       u943 0434                         u791 04F2                         u871 06BE  
                       u880 02A9                         u785 04E9                         u881 02A8  
                       u890 0319                         u970 044E                         u891 0318  
                       u971 044D                         u955 0436                         u980 0513  
                       u981 0512                         u965 043E                         u995 0518  
                       _pad 04AA                         fsr0 0004                         indf 0000  
           LCD_Goto@address 0075             __end_of_LCD_Cmd 0274                        l1100 03CF  
                      l1110 03E3                        l1102 03D1                        l1200 048F  
                      l1120 0406                        l1112 03E7                        l1104 03D7  
                      l1202 0494                        l1114 03F8                        l1106 03DA  
                      l1122 040C                        l1130 03A0                        l1210 0683  
                      l1300 02F5                        l1204 04A5                        l1116 03FE  
                      l1108 03E1                        l1140 03BD                        l1132 03A7  
                      l1220 06A6                        l1212 0687                        l1310 0255  
                      l1302 0303                        l1118 03FF                        l1142 03C4  
                      l1134 03A9                        l1126 0397                        l1070 05EB  
                      l1150 04B0                        l1230 06CC                        l1222 06A7  
                      l1214 068D                        l1320 0336                        l1312 0258  
                      l1304 0309                        l1136 03AD                        l1128 039D  
                      l1144 03CA                        l1072 0603                        l1064 05D8  
                      l1080 0371                        l1160 04DF                        l1152 04BD  
                      l1232 06D2                        l1240 06EB                        l1224 06AC  
                      l1216 0691                        l1208 0672                        l1400 0760  
                      l1314 031B                        l1250 0260                        l1306 024C  
                      l1090 02D5                        l1138 03B7                        l1074 0635  
                      l1066 05DE                        l1082 0381                        l1162 04F3  
                      l1154 04C3                        l1170 057F                        l1226 06B3  
                      l1218 06A2                        l1330 02B6                        l1410 07BC  
                      l1402 0769                        l1316 032A                        l1252 0263  
                      l1308 0251                        l1260 0275                        l1340 0419  
                      l1092 02E2                        l1068 05E4                        l1084 0389  
                      l1156 04C8                        l1148 04AA                        l1172 0585  
                      l1180 05B5                        l1164 0567                        l1228 06BF  
                      l1244 06F3                        l1332 02B8                        l1324 02AC  
                      l1412 07C5                        l1404 0775                        l1318 032F  
                      l1254 0265                        l1262 0278                        l1342 041D  
                      l1094 02E9                        l1086 02CF                        l1190 0457  
                      l1078 036C                        l1158 04D7                        l1182 05BC  
                      l1174 0599                        l1166 056B                        l1238 06E0  
                      l1270 0289                        l1334 02C5                        l1326 02B0  
                      l1414 07CD                        l1406 07A5                        l1256 0266  
                      l1280 0341                        l1264 027A                        l1360 0525  
                      l1352 0501                        l1344 0434                        l1096 02EF  
                      l1088 02D1                        l1192 0459                        l1184 05C2  
                      l1176 059C                        l1168 057B                        l1272 028E  
                      l1328 02B4                        l1416 07DC                        l1408 07AD  
                      l1290 0239                        l1258 0267                        l1282 034A  
                      l1266 027B                        l1370 0558                        l1362 052E  
                      l1354 0513                        l1346 043D                        l1338 0411  
                      l1194 0468                        l1186 05C7                        l1178 05A2  
                      l1274 029B                        l1418 07E5                        l1292 0241  
                      l1284 0350                        l1268 027C                        l1364 0540  
                      l1356 0516                        l1372 055E                        l1348 044E  
                      l1196 046C                        l1276 02A9                        l1380 0713  
                      l1294 0229                        l1286 0356                        l1366 054E  
                      l1358 0521                        l1198 047A                        l1390 0733  
                      l1382 0718                        l1296 022F                        l1288 035C  
                      l1368 054F                        l1392 073C                        l1384 071D  
                      l1376 070D                        l1298 02F4                        l1394 074A  
                      l1386 0722                        l1378 0711                        l1396 074F  
                      l1388 072B                        l1398 0758                        ?_pad 0028  
                      STR_1 0024                        STR_2 0013                        STR_3 0044  
                      STR_4 0049                        STR_5 003D                        STR_6 0035  
                      u1000 0525                        u1001 0524                        u1020 0540  
                      u1021 053F                        u1015 0527                        u1040 055E  
                      u1041 055D                        u1025 053C                        u1107 0233  
                      u1035 0550                        u1117 026E                        u1127 032C  
                      u1137 0245                        u1057 0744                        u1067 07EB  
                      u1077 0283                        u1087 0345                        u1097 0366  
                      _dbuf 00A5                        _main 070D                        _prec 00A2  
                      pad@i 002D                        pad@p 002B                        btemp 007E  
                      _utoa 0567            __end_of_ADC_Init 024B            __end_of_ADC_Read 0341  
                      start 0000                 LCD_Goto@col 0073                 LCD_Goto@row 0074  
                     ??_pad 007D            __end_of_LCD_Data 0289            __end_of_LCD_Init 036C  
          __end_of_LCD_Goto 025F                LCD_Data@data 0072                       ?_main 0070  
           __end_of___lldiv 0567                       ?_utoa 002F             __end_of___lwdiv 0411  
           __end_of___lwmod 03CF                vfpfcnvrt@fmt 003A                       _PORTD 0008  
                     _TRISA 0085                       _TRISD 0088                       _TRISE 0089  
       ___lmul@multiplicand 0074                       _flags 00A4         read_prec_or_width@c 0078  
       read_prec_or_width@n 0079                       _fputc 05D8                       _fputs 036C  
                     btemp0 007E                       pad@fp 0028                       btemp1 007F  
                     _width 00A0                       _putch 0220                       pclath 000A  
                     utoa@d 0031                       utoa@i 0036                       utoa@p 0035  
                     utoa@w 0033                       status 0003                       wtemp0 007E  
           __end_of_sprintf 02CF               main@adc_value 006E             __initialization 07F3  
              __end_of_main 07F3                __end_of_utoa 05D8                      ??_main 0059  
                    ??_utoa 007E           __end_of_LCD_Clear 0239                   ??_LCD_Cmd 0070  
__end_of_read_prec_or_width 04AA                      _ADCON0 001F                      _ADCON1 009F  
                    ?_fputc 0070                      ?_fputs 0020                      _ADRESH 001E  
                    _ADRESL 009E                      ?_putch 0070                vfprintf@cfmt 0047  
                    ___lmul 0411                      ___wmul 02CF                   ??___lldiv 007D  
                 ??___lwdiv 0074                   ??___lwmod 0074             ADC_Read@channel 0075  
      read_prec_or_width@ap 0077                      pad@buf 002A                      fputc@c 0070  
                    fputs@c 0025                      fputs@i 0026                      fputs@s 0020  
                    ltemp0a 0080                   ?_ADC_Init 0070                   ?_ADC_Read 0070  
                    putch@c 0070                      ttemp0a 007F            __end_of_vfprintf 02AC  
                    utoa@fp 002F                   ??_sprintf 004C                      wtemp0a 007F  
                 ?_LCD_Data 0070     __end_of__initialization 07FC                   ?_LCD_Init 0070  
                 ?_LCD_Goto 0073              __pcstackCOMMON 0070               __end_of_fputc 0672  
             __end_of_fputs 0397               __end_of_putch 0221                ??_LCD_String 0075  
                ??_ADC_Init 0070                  ??_ADC_Read 0072                     ??_fputc 0074  
                   ??_fputs 0023                     ??_putch 0070                  __pbssBANK1 00A0  
                ??_LCD_Data 0070                  ??_LCD_Init 0073                  ??_LCD_Goto 0074  
        __end_of_LCD_String 031A                  __pmaintext 070D                     ?___lmul 0070  
                   ?___wmul 0070              ___lmul@product 0079                     _LCD_Cmd 025F  
                __stringtab 0003               LCD_String@str 0073              main@millivolts 006C  
                   ___lldiv 0501                     ___lwdiv 03CF                     ___lwmod 0397  
                 ?_vfprintf 0043                     __ptext1 02AC                     __ptext2 0289  
                   __ptext3 0672                     __ptext4 0567                     __ptext5 04AA  
                   __ptext6 036C                     __ptext7 05D8                     __ptext8 0220  
                   __ptext9 0397       read_prec_or_width@fmt 0076                   _LCD_Clear 0229  
                   _sprintf 02AC                     clrloop0 0222        end_of_initialization 07FC  
                   fputc@fp 0072                     fputs@fp 0021          _read_prec_or_width 0457  
           ___lldiv@divisor 0020             ___lldiv@counter 002C           __end_of_vfpfcnvrt 070D  
       ?_read_prec_or_width 0076            vfpfcnvrt@convarg 003E                  ??_vfprintf 007E  
                 _PORTEbits 0009                  ?_LCD_Clear 0070        ??_read_prec_or_width 0078  
                LCD_Cmd@cmd 0072                  main@buffer 005C              __end_of___lmul 0457  
               vfpfcnvrt@ap 003B                 vfpfcnvrt@cp 0042                 vfpfcnvrt@fp 0038  
            __end_of___wmul 02F4         start_initialization 07F3                 __end_of_pad 0501  
               vfprintf@fmt 0045                    ??___lmul 0078                    ??___wmul 0074  
            ADC_Read@result 0073                    ?_LCD_Cmd 0070                   ___latbits 0002  
             __pcstackBANK0 0020                 ??_LCD_Clear 0073            ___lwdiv@dividend 0072  
                  ?___lldiv 0020                    ?___lwdiv 0070                    ?___lwmod 0070  
                 __pstrings 0003                    _ADC_Init 0239                    _ADC_Read 031A  
          ___lwdiv@quotient 0074                    ?_sprintf 0048                    _LCD_Data 0274  
                  _LCD_Init 0341                    _LCD_Goto 024B              ___wmul@product 0074  
                 clear_ram0 0221                    _GO_nDONE 00FA                   _vfpfcnvrt 0672  
               __stringbase 0012           ___wmul@multiplier 0070           ___lmul@multiplier 0070  
                vfprintf@ap 0046                  vfprintf@fp 0043                  ?_vfpfcnvrt 0038  
        __end_of__stringtab 0013                  sprintf@fmt 0049             ___lwdiv@divisor 0070  
           ___lwdiv@counter 0076                    __ptext10 03CF                    __ptext11 0457  
                  __ptext20 025F                    __ptext12 02CF                    __ptext21 031A  
                  __ptext13 0411                    __ptext22 0239                    __ptext14 0501  
                  __ptext15 02F4                    __ptext16 0274                    __ptext17 0341  
                  __ptext18 024B                    __ptext19 0229                    _vfprintf 0289  
                _LCD_String 02F4                   sprintf@ap 004D            ___lwmod@dividend 0072  
          ___lldiv@dividend 0024                   stringcode 000D                 ??_vfpfcnvrt 003C  
                  sprintf@f 004E                    sprintf@s 0048            ___lldiv@quotient 0028  
           ___lwmod@divisor 0070             ___lwmod@counter 0074                    stringdir 000D  
                  stringtab 0003  
