

Microchip MPLAB XC8 Assembler V3.10 build 20250813170317 
                                                                                               Fri Nov 21 20:37:48 2025

Microchip MPLAB XC8 C Compiler v3.10 (Free license) build 20250813170317 Og1 
     1                           	processor	16F877A
     2                           	pagewidth 120
     3                           	opt	flic
     4                           	psect	strings,global,class=STRING,space=0,delta=2,noexec
     5                           	psect	cinit,global,class=CODE,space=0,merge=1,delta=2
     6                           	psect	bssBANK1,global,class=BANK1,space=1,delta=1,noexec
     7                           	psect	clrtext,global,class=CODE,space=0,delta=2
     8                           	psect	cstackCOMMON,global,class=COMMON,space=1,delta=1,noexec
     9                           	psect	cstackBANK0,global,class=BANK0,space=1,delta=1,noexec
    10                           	psect	maintext,global,class=CODE,space=0,split=1,delta=2
    11                           	psect	text1,local,class=CODE,space=0,merge=1,delta=2,group=3
    12                           	psect	text2,local,class=CODE,space=0,merge=1,delta=2,group=1
    13                           	psect	text3,local,class=CODE,space=0,merge=1,delta=2,group=1
    14                           	psect	text4,local,class=CODE,space=0,merge=1,delta=2,group=1
    15                           	psect	text5,local,class=CODE,space=0,merge=1,delta=2,group=1
    16                           	psect	text6,local,class=CODE,space=0,merge=1,delta=2,group=3
    17                           	psect	text7,local,class=CODE,space=0,merge=1,delta=2,group=3
    18                           	psect	text8,local,class=CODE,space=0,merge=1,delta=2,group=3
    19                           	psect	text9,local,class=CODE,space=0,merge=1,delta=2,group=2
    20                           	psect	text10,local,class=CODE,space=0,merge=1,delta=2,group=2
    21                           	psect	text11,local,class=CODE,space=0,merge=1,delta=2,group=1
    22                           	psect	text12,local,class=CODE,space=0,merge=1,delta=2,group=2
    23                           	psect	text13,local,class=CODE,space=0,merge=1,delta=2,group=2
    24                           	psect	text14,local,class=CODE,space=0,merge=1,delta=2,group=2
    25                           	psect	text15,local,class=CODE,space=0,merge=1,delta=2
    26                           	psect	text16,local,class=CODE,space=0,merge=1,delta=2
    27                           	psect	text17,local,class=CODE,space=0,merge=1,delta=2
    28                           	psect	text18,local,class=CODE,space=0,merge=1,delta=2
    29                           	psect	text19,local,class=CODE,space=0,merge=1,delta=2
    30                           	psect	text20,local,class=CODE,space=0,merge=1,delta=2
    31                           	psect	text21,local,class=CODE,space=0,merge=1,delta=2
    32                           	psect	text22,local,class=CODE,space=0,merge=1,delta=2
    33                           	psect	config,global,abs,ovrld,class=CONFIG,space=4,delta=2,noexec
    34                           	dabs	1,0x7E,2
    35     0000                     
    36                           ; Generated 12/10/2023 GMT
    37                           ; 
    38                           ; Copyright © 2023, Microchip Technology Inc. and its subsidiaries ("Microchip")
    39                           ; All rights reserved.
    40                           ; 
    41                           ; This software is developed by Microchip Technology Inc. and its subsidiaries ("Microch
      +                          ip").
    42                           ; 
    43                           ; Redistribution and use in source and binary forms, with or without modification, are
    44                           ; permitted provided that the following conditions are met:
    45                           ; 
    46                           ;     1. Redistributions of source code must retain the above copyright notice, this lis
      +                          t of
    47                           ;        conditions and the following disclaimer.
    48                           ; 
    49                           ;     2. Redistributions in binary form must reproduce the above copyright notice, this 
      +                          list
    50                           ;        of conditions and the following disclaimer in the documentation and/or other
    51                           ;        materials provided with the distribution. Publication is not required when
    52                           ;        this file is used in an embedded application.
    53                           ; 
    54                           ;     3. Microchip's name may not be used to endorse or promote products derived from th
      +                          is
    55                           ;        software without specific prior written permission.
    56                           ; 
    57                           ; THIS SOFTWARE IS PROVIDED BY MICROCHIP "AS IS" AND ANY EXPRESS OR IMPLIED WARRANTIES,
    58                           ; INCLUDING, BUT NOT LIMITED TO, THE IMPLIED WARRANTIES OF MERCHANTABILITY AND FITNESS F
      +                          OR
    59                           ; PURPOSE ARE DISCLAIMED.  IN NO EVENT SHALL MICROCHIP BE LIABLE FOR ANY DIRECT, INDIREC
      +                          T,
    60                           ; INCIDENTAL, SPECIAL, EXEMPLARY, OR CONSEQUENTIAL DAMAGES (INCLUDING BUT NOT LIMITED TO
    61                           ; PROCUREMENT OF SUBSTITUTE GOODS OR SERVICES; LOSS OF USE, DATA OR PROFITS; OR BUSINESS
    62                           ; INTERRUPTION) HOWSOEVER CAUSED AND ON ANY THEORY OF LIABILITY, WHETHER IN CONTRACT, ST
      +                          RICT
    63                           ; LIABILITY, OR TORT (INCLUDING NEGLIGENCE OR OTHERWISE) ARISING IN ANY WAY OUT OF THE U
      +                          SE OF
    64                           ; THIS SOFTWARE, EVEN IF ADVISED OF THE POSSIBILITY OF SUCH DAMAGE.
    65                           ; 
    66                           ; 
    67                           ; Code-generator required, PIC16F877A Definitions
    68                           ; 
    69                           ; SFR Addresses
    70     0004                     fsr             equ	4
    71     0004                     fsr0            equ	4
    72     0000                     indf            equ	0
    73     0000                     indf0           equ	0
    74     0002                     pc              equ	2
    75     0002                     pcl             equ	2
    76     000A                     pclath          equ	10
    77     0003                     status          equ	3
    78     0000                     INDF            equ	0	;# 
    79     0001                     TMR0            equ	1	;# 
    80     0002                     PCL             equ	2	;# 
    81     0003                     STATUS          equ	3	;# 
    82     0004                     FSR             equ	4	;# 
    83     0005                     PORTA           equ	5	;# 
    84     0006                     PORTB           equ	6	;# 
    85     0007                     PORTC           equ	7	;# 
    86     0008                     PORTD           equ	8	;# 
    87     0009                     PORTE           equ	9	;# 
    88     000A                     PCLATH          equ	10	;# 
    89     000B                     INTCON          equ	11	;# 
    90     000C                     PIR1            equ	12	;# 
    91     000D                     PIR2            equ	13	;# 
    92     000E                     TMR1            equ	14	;# 
    93     000E                     TMR1L           equ	14	;# 
    94     000F                     TMR1H           equ	15	;# 
    95     0010                     T1CON           equ	16	;# 
    96     0011                     TMR2            equ	17	;# 
    97     0012                     T2CON           equ	18	;# 
    98     0013                     SSPBUF          equ	19	;# 
    99     0014                     SSPCON          equ	20	;# 
   100     0015                     CCPR1           equ	21	;# 
   101     0015                     CCPR1L          equ	21	;# 
   102     0016                     CCPR1H          equ	22	;# 
   103     0017                     CCP1CON         equ	23	;# 
   104     0018                     RCSTA           equ	24	;# 
   105     0019                     TXREG           equ	25	;# 
   106     001A                     RCREG           equ	26	;# 
   107     001B                     CCPR2           equ	27	;# 
   108     001B                     CCPR2L          equ	27	;# 
   109     001C                     CCPR2H          equ	28	;# 
   110     001D                     CCP2CON         equ	29	;# 
   111     001E                     ADRESH          equ	30	;# 
   112     001F                     ADCON0          equ	31	;# 
   113     0081                     OPTION_REG      equ	129	;# 
   114     0085                     TRISA           equ	133	;# 
   115     0086                     TRISB           equ	134	;# 
   116     0087                     TRISC           equ	135	;# 
   117     0088                     TRISD           equ	136	;# 
   118     0089                     TRISE           equ	137	;# 
   119     008C                     PIE1            equ	140	;# 
   120     008D                     PIE2            equ	141	;# 
   121     008E                     PCON            equ	142	;# 
   122     0091                     SSPCON2         equ	145	;# 
   123     0092                     PR2             equ	146	;# 
   124     0093                     SSPADD          equ	147	;# 
   125     0094                     SSPSTAT         equ	148	;# 
   126     0098                     TXSTA           equ	152	;# 
   127     0099                     SPBRG           equ	153	;# 
   128     009C                     CMCON           equ	156	;# 
   129     009D                     CVRCON          equ	157	;# 
   130     009E                     ADRESL          equ	158	;# 
   131     009F                     ADCON1          equ	159	;# 
   132     010C                     EEDATA          equ	268	;# 
   133     010D                     EEADR           equ	269	;# 
   134     010E                     EEDATH          equ	270	;# 
   135     010F                     EEADRH          equ	271	;# 
   136     018C                     EECON1          equ	396	;# 
   137     018D                     EECON2          equ	397	;# 
   138     0000                     INDF            equ	0	;# 
   139     0001                     TMR0            equ	1	;# 
   140     0002                     PCL             equ	2	;# 
   141     0003                     STATUS          equ	3	;# 
   142     0004                     FSR             equ	4	;# 
   143     0005                     PORTA           equ	5	;# 
   144     0006                     PORTB           equ	6	;# 
   145     0007                     PORTC           equ	7	;# 
   146     0008                     PORTD           equ	8	;# 
   147     0009                     PORTE           equ	9	;# 
   148     000A                     PCLATH          equ	10	;# 
   149     000B                     INTCON          equ	11	;# 
   150     000C                     PIR1            equ	12	;# 
   151     000D                     PIR2            equ	13	;# 
   152     000E                     TMR1            equ	14	;# 
   153     000E                     TMR1L           equ	14	;# 
   154     000F                     TMR1H           equ	15	;# 
   155     0010                     T1CON           equ	16	;# 
   156     0011                     TMR2            equ	17	;# 
   157     0012                     T2CON           equ	18	;# 
   158     0013                     SSPBUF          equ	19	;# 
   159     0014                     SSPCON          equ	20	;# 
   160     0015                     CCPR1           equ	21	;# 
   161     0015                     CCPR1L          equ	21	;# 
   162     0016                     CCPR1H          equ	22	;# 
   163     0017                     CCP1CON         equ	23	;# 
   164     0018                     RCSTA           equ	24	;# 
   165     0019                     TXREG           equ	25	;# 
   166     001A                     RCREG           equ	26	;# 
   167     001B                     CCPR2           equ	27	;# 
   168     001B                     CCPR2L          equ	27	;# 
   169     001C                     CCPR2H          equ	28	;# 
   170     001D                     CCP2CON         equ	29	;# 
   171     001E                     ADRESH          equ	30	;# 
   172     001F                     ADCON0          equ	31	;# 
   173     0081                     OPTION_REG      equ	129	;# 
   174     0085                     TRISA           equ	133	;# 
   175     0086                     TRISB           equ	134	;# 
   176     0087                     TRISC           equ	135	;# 
   177     0088                     TRISD           equ	136	;# 
   178     0089                     TRISE           equ	137	;# 
   179     008C                     PIE1            equ	140	;# 
   180     008D                     PIE2            equ	141	;# 
   181     008E                     PCON            equ	142	;# 
   182     0091                     SSPCON2         equ	145	;# 
   183     0092                     PR2             equ	146	;# 
   184     0093                     SSPADD          equ	147	;# 
   185     0094                     SSPSTAT         equ	148	;# 
   186     0098                     TXSTA           equ	152	;# 
   187     0099                     SPBRG           equ	153	;# 
   188     009C                     CMCON           equ	156	;# 
   189     009D                     CVRCON          equ	157	;# 
   190     009E                     ADRESL          equ	158	;# 
   191     009F                     ADCON1          equ	159	;# 
   192     010C                     EEDATA          equ	268	;# 
   193     010D                     EEADR           equ	269	;# 
   194     010E                     EEDATH          equ	270	;# 
   195     010F                     EEADRH          equ	271	;# 
   196     018C                     EECON1          equ	396	;# 
   197     018D                     EECON2          equ	397	;# 
   198     0008                     _PORTD          set	8
   199     0009                     _PORTEbits      set	9
   200     001E                     _ADRESH         set	30
   201     001F                     _ADCON0         set	31
   202     00FA                     _GO_nDONE       set	250
   203     009E                     _ADRESL         set	158
   204     009F                     _ADCON1         set	159
   205     0085                     _TRISA          set	133
   206     0089                     _TRISE          set	137
   207     0088                     _TRISD          set	136
   208                           
   209                           	psect	strings
   210     0003                     __pstrings:
   211     0003                     stringtab:
   212     0003                     __stringtab:
   213                           
   214                           ;	String table - string pointers are 1 byte each
   215     0003  1BFF               	btfsc	btemp+1,7
   216     0004  280D               	ljmp	stringcode
   217     0005  1383               	bcf	3,7
   218     0006  187F               	btfsc	btemp+1,0
   219     0007  1783               	bsf	3,7
   220     0008  0800               	movf	0,w
   221     0009  0A84               	incf	4,f
   222     000A  1903               	skipnz
   223     000B  0AFF               	incf	btemp+1,f
   224     000C  0008               	return
   225     000D                     stringcode:
   226     000D                     stringdir:
   227     000D  3000               	movlw	high stringdir
   228     000E  008A               	movwf	10
   229     000F  0804               	movf	4,w
   230     0010  0A84               	incf	4,f
   231     0011  0782               	addwf	2,f
   232     0012                     __stringbase:
   233     0012  3400               	retlw	0
   234     0013                     __end_of__stringtab:
   235     0013                     STR_2:
   236     0013  3449               	retlw	73	;'I'
   237     0014  346E               	retlw	110	;'n'
   238     0015  3469               	retlw	105	;'i'
   239     0016  3463               	retlw	99	;'c'
   240     0017  3469               	retlw	105	;'i'
   241     0018  3461               	retlw	97	;'a'
   242     0019  346C               	retlw	108	;'l'
   243     001A  3469               	retlw	105	;'i'
   244     001B  347A               	retlw	122	;'z'
   245     001C  3461               	retlw	97	;'a'
   246     001D  346E               	retlw	110	;'n'
   247     001E  3464               	retlw	100	;'d'
   248     001F  346F               	retlw	111	;'o'
   249     0020  342E               	retlw	46	;'.'
   250     0021  342E               	retlw	46	;'.'
   251     0022  342E               	retlw	46	;'.'
   252     0023  3400               	retlw	0
   253     0024                     STR_1:
   254     0024  3420               	retlw	32	;' '
   255     0025  3420               	retlw	32	;' '
   256     0026  3441               	retlw	65	;'A'
   257     0027  3444               	retlw	68	;'D'
   258     0028  3443               	retlw	67	;'C'
   259     0029  3420               	retlw	32	;' '
   260     002A  3450               	retlw	80	;'P'
   261     002B  3449               	retlw	73	;'I'
   262     002C  3443               	retlw	67	;'C'
   263     002D  3431               	retlw	49	;'1'
   264     002E  3436               	retlw	54	;'6'
   265     002F  3446               	retlw	70	;'F'
   266     0030  3438               	retlw	56	;'8'
   267     0031  3437               	retlw	55	;'7'
   268     0032  3437               	retlw	55	;'7'
   269     0033  3441               	retlw	65	;'A'
   270     0034  3400               	retlw	0
   271     0035                     STR_6:
   272     0035  3425               	retlw	37	;'%'
   273     0036  3434               	retlw	52	;'4'
   274     0037  3475               	retlw	117	;'u'
   275     0038  3420               	retlw	32	;' '
   276     0039  346D               	retlw	109	;'m'
   277     003A  3456               	retlw	86	;'V'
   278     003B  3420               	retlw	32	;' '
   279     003C  3400               	retlw	0
   280     003D                     STR_5:
   281     003D  3425               	retlw	37	;'%'
   282     003E  3434               	retlw	52	;'4'
   283     003F  3475               	retlw	117	;'u'
   284     0040  3420               	retlw	32	;' '
   285     0041  3420               	retlw	32	;' '
   286     0042  3420               	retlw	32	;' '
   287     0043  3400               	retlw	0
   288     0044                     STR_3:
   289     0044  3452               	retlw	82	;'R'
   290     0045  3441               	retlw	65	;'A'
   291     0046  3457               	retlw	87	;'W'
   292     0047  343A               	retlw	58	;':'
   293     0048  3400               	retlw	0
   294     0049                     STR_4:
   295     0049  346D               	retlw	109	;'m'
   296     004A  3456               	retlw	86	;'V'
   297     004B  343A               	retlw	58	;':'
   298     004C  3400               	retlw	0
   299                           
   300                           	psect	cinit
   301     07F3                     start_initialization:	
   302                           ; #config settings
   303                           
   304     07F3                     __initialization:
   305                           
   306                           ; Clear objects allocated to BANK1
   307     07F3  1383               	bcf	3,7	;select IRP bank0
   308     07F4  30A0               	movlw	low __pbssBANK1
   309     07F5  0084               	movwf	4
   310     07F6  30C5               	movlw	low (__pbssBANK1+37)
   311     07F7  120A  118A  2221  120A  118A  	fcall	clear_ram0
   312     07FC                     end_of_initialization:	
   313                           ;End of C runtime variable initialization code
   314                           
   315     07FC                     __end_of__initialization:
   316     07FC  0183               	clrf	3
   317     07FD  120A  118A  2F0D   	ljmp	_main	;jump to C main() function
   318                           
   319                           	psect	bssBANK1
   320     00A0                     __pbssBANK1:
   321     00A0                     _width:
   322     00A0                     	ds	2
   323     00A2                     _prec:
   324     00A2                     	ds	2
   325     00A4                     _flags:
   326     00A4                     	ds	1
   327     00A5                     _dbuf:
   328     00A5                     	ds	32
   329                           
   330                           	psect	clrtext
   331     0221                     clear_ram0:	
   332                           ;	Called with FSR containing the base address, and
   333                           ;	W with the last address+1
   334                           
   335     0221  0064               	clrwdt	;clear the watchdog before getting into this loop
   336     0222                     clrloop0:
   337     0222  0180               	clrf	0	;clear RAM location pointed to by FSR
   338     0223  0A84               	incf	4,f	;increment pointer
   339     0224  0604               	xorwf	4,w	;XOR with final address
   340     0225  1903               	btfsc	3,2	;have we reached the end yet?
   341     0226  3400               	retlw	0	;all done for this memory range, return
   342     0227  0604               	xorwf	4,w	;XOR again to restore value
   343     0228  2A22               	goto	clrloop0	;do the next byte
   344                           
   345                           	psect	cstackCOMMON
   346     0070                     __pcstackCOMMON:
   347     0070                     ?_LCD_Init:
   348     0070                     ?_ADC_Init:	
   349                           ; 1 bytes @ 0x0
   350                           
   351     0070                     ?_LCD_Clear:	
   352                           ; 1 bytes @ 0x0
   353                           
   354     0070                     ?_LCD_Cmd:	
   355                           ; 1 bytes @ 0x0
   356                           
   357     0070                     ?_putch:	
   358                           ; 1 bytes @ 0x0
   359                           
   360     0070                     ?_main:	
   361                           ; 1 bytes @ 0x0
   362                           
   363     0070                     ?_LCD_Data:	
   364                           ; 1 bytes @ 0x0
   365                           
   366     0070                     ?_ADC_Read:	
   367                           ; 1 bytes @ 0x0
   368                           
   369     0070                     ?_fputc:	
   370                           ; 2 bytes @ 0x0
   371                           
   372     0070                     ?___wmul:	
   373                           ; 2 bytes @ 0x0
   374                           
   375     0070                     ?___lwdiv:	
   376                           ; 2 bytes @ 0x0
   377                           
   378     0070                     ?___lwmod:	
   379                           ; 2 bytes @ 0x0
   380                           
   381     0070                     ?___lmul:	
   382                           ; 2 bytes @ 0x0
   383                           
   384     0070                     putch@c:	
   385                           ; 4 bytes @ 0x0
   386                           
   387     0070                     ___wmul@multiplier:	
   388                           ; 1 bytes @ 0x0
   389                           
   390     0070                     ___lwdiv@divisor:	
   391                           ; 2 bytes @ 0x0
   392                           
   393     0070                     ___lwmod@divisor:	
   394                           ; 2 bytes @ 0x0
   395                           
   396     0070                     fputc@c:	
   397                           ; 2 bytes @ 0x0
   398                           
   399     0070                     ___lmul@multiplier:	
   400                           ; 2 bytes @ 0x0
   401                           
   402     0070                     ??_ADC_Init:	
   403                           ; 4 bytes @ 0x0
   404                           
   405     0070                     ??_LCD_Cmd:	
   406                           ; 1 bytes @ 0x0
   407                           
   408     0070                     ??_putch:	
   409                           ; 1 bytes @ 0x0
   410                           
   411     0070                     ??_LCD_Data:	
   412                           ; 1 bytes @ 0x0
   413                           
   414                           
   415                           ; 1 bytes @ 0x0
   416     0070                     	ds	2
   417     0072                     LCD_Cmd@cmd:
   418     0072                     LCD_Data@data:	
   419                           ; 1 bytes @ 0x2
   420                           
   421     0072                     ___wmul@multiplicand:	
   422                           ; 1 bytes @ 0x2
   423                           
   424     0072                     ___lwdiv@dividend:	
   425                           ; 2 bytes @ 0x2
   426                           
   427     0072                     ___lwmod@dividend:	
   428                           ; 2 bytes @ 0x2
   429                           
   430     0072                     fputc@fp:	
   431                           ; 2 bytes @ 0x2
   432                           
   433     0072                     ??_ADC_Read:	
   434                           ; 2 bytes @ 0x2
   435                           
   436                           
   437                           ; 1 bytes @ 0x2
   438     0072                     	ds	1
   439     0073                     ?_LCD_String:
   440     0073                     ?_LCD_Goto:	
   441                           ; 1 bytes @ 0x3
   442                           
   443     0073                     LCD_Goto@col:	
   444                           ; 1 bytes @ 0x3
   445                           
   446     0073                     ADC_Read@result:	
   447                           ; 1 bytes @ 0x3
   448                           
   449     0073                     LCD_String@str:	
   450                           ; 2 bytes @ 0x3
   451                           
   452     0073                     ??_LCD_Init:	
   453                           ; 2 bytes @ 0x3
   454                           
   455     0073                     ??_LCD_Clear:	
   456                           ; 1 bytes @ 0x3
   457                           
   458                           
   459                           ; 1 bytes @ 0x3
   460     0073                     	ds	1
   461     0074                     LCD_Goto@row:
   462     0074                     ___lwmod@counter:	
   463                           ; 1 bytes @ 0x4
   464                           
   465     0074                     ___wmul@product:	
   466                           ; 1 bytes @ 0x4
   467                           
   468     0074                     ___lwdiv@quotient:	
   469                           ; 2 bytes @ 0x4
   470                           
   471     0074                     ___lmul@multiplicand:	
   472                           ; 2 bytes @ 0x4
   473                           
   474     0074                     ??_LCD_Goto:	
   475                           ; 4 bytes @ 0x4
   476                           
   477     0074                     ??_fputc:	
   478                           ; 1 bytes @ 0x4
   479                           
   480     0074                     ??___wmul:	
   481                           ; 1 bytes @ 0x4
   482                           
   483     0074                     ??___lwdiv:	
   484                           ; 1 bytes @ 0x4
   485                           
   486     0074                     ??___lwmod:	
   487                           ; 1 bytes @ 0x4
   488                           
   489                           
   490                           ; 1 bytes @ 0x4
   491     0074                     	ds	1
   492     0075                     ADC_Read@channel:
   493     0075                     LCD_Goto@address:	
   494                           ; 1 bytes @ 0x5
   495                           
   496     0075                     ??_LCD_String:	
   497                           ; 1 bytes @ 0x5
   498                           
   499                           
   500                           ; 1 bytes @ 0x5
   501     0075                     	ds	1
   502     0076                     ?_read_prec_or_width:
   503     0076                     ___lwdiv@counter:	
   504                           ; 2 bytes @ 0x6
   505                           
   506     0076                     read_prec_or_width@fmt:	
   507                           ; 1 bytes @ 0x6
   508                           
   509                           
   510                           ; 1 bytes @ 0x6
   511     0076                     	ds	1
   512     0077                     read_prec_or_width@ap:
   513                           
   514                           ; 1 bytes @ 0x7
   515     0077                     	ds	1
   516     0078                     read_prec_or_width@c:
   517     0078                     ??___lmul:	
   518                           ; 1 bytes @ 0x8
   519                           
   520     0078                     ??_read_prec_or_width:	
   521                           ; 1 bytes @ 0x8
   522                           
   523                           
   524                           ; 1 bytes @ 0x8
   525     0078                     	ds	1
   526     0079                     read_prec_or_width@n:
   527     0079                     ___lmul@product:	
   528                           ; 2 bytes @ 0x9
   529                           
   530                           
   531                           ; 4 bytes @ 0x9
   532     0079                     	ds	4
   533     007D                     ??___lldiv:
   534     007D                     ??_pad:	
   535                           ; 1 bytes @ 0xD
   536                           
   537                           
   538                           ; 1 bytes @ 0xD
   539     007D                     	ds	1
   540     007E                     ??_vfprintf:
   541     007E                     ??_utoa:	
   542                           ; 1 bytes @ 0xE
   543                           
   544                           
   545                           	psect	cstackBANK0
   546     0020                     __pcstackBANK0:	
   547                           ; 1 bytes @ 0xE
   548                           
   549     0020                     ?_fputs:
   550     0020                     ?___lldiv:	
   551                           ; 2 bytes @ 0x0
   552                           
   553     0020                     fputs@s:	
   554                           ; 4 bytes @ 0x0
   555                           
   556     0020                     ___lldiv@divisor:	
   557                           ; 1 bytes @ 0x0
   558                           
   559                           
   560                           ; 4 bytes @ 0x0
   561     0020                     	ds	1
   562     0021                     fputs@fp:
   563                           
   564                           ; 2 bytes @ 0x1
   565     0021                     	ds	2
   566     0023                     ??_fputs:
   567                           
   568                           ; 1 bytes @ 0x3
   569     0023                     	ds	1
   570     0024                     ___lldiv@dividend:
   571                           
   572                           ; 4 bytes @ 0x4
   573     0024                     	ds	1
   574     0025                     fputs@c:
   575                           
   576                           ; 1 bytes @ 0x5
   577     0025                     	ds	1
   578     0026                     fputs@i:
   579                           
   580                           ; 2 bytes @ 0x6
   581     0026                     	ds	2
   582     0028                     ?_pad:
   583     0028                     pad@fp:	
   584                           ; 1 bytes @ 0x8
   585                           
   586     0028                     ___lldiv@quotient:	
   587                           ; 2 bytes @ 0x8
   588                           
   589                           
   590                           ; 4 bytes @ 0x8
   591     0028                     	ds	2
   592     002A                     pad@buf:
   593                           
   594                           ; 1 bytes @ 0xA
   595     002A                     	ds	1
   596     002B                     pad@p:
   597                           
   598                           ; 2 bytes @ 0xB
   599     002B                     	ds	1
   600     002C                     ___lldiv@counter:
   601                           
   602                           ; 1 bytes @ 0xC
   603     002C                     	ds	1
   604     002D                     pad@i:
   605                           
   606                           ; 2 bytes @ 0xD
   607     002D                     	ds	2
   608     002F                     ?_utoa:
   609     002F                     utoa@fp:	
   610                           ; 1 bytes @ 0xF
   611                           
   612                           
   613                           ; 2 bytes @ 0xF
   614     002F                     	ds	2
   615     0031                     utoa@d:
   616                           
   617                           ; 2 bytes @ 0x11
   618     0031                     	ds	2
   619     0033                     utoa@w:
   620                           
   621                           ; 2 bytes @ 0x13
   622     0033                     	ds	2
   623     0035                     utoa@p:
   624                           
   625                           ; 1 bytes @ 0x15
   626     0035                     	ds	1
   627     0036                     utoa@i:
   628                           
   629                           ; 2 bytes @ 0x16
   630     0036                     	ds	2
   631     0038                     ?_vfpfcnvrt:
   632     0038                     vfpfcnvrt@fp:	
   633                           ; 1 bytes @ 0x18
   634                           
   635                           
   636                           ; 2 bytes @ 0x18
   637     0038                     	ds	2
   638     003A                     vfpfcnvrt@fmt:
   639                           
   640                           ; 1 bytes @ 0x1A
   641     003A                     	ds	1
   642     003B                     vfpfcnvrt@ap:
   643                           
   644                           ; 1 bytes @ 0x1B
   645     003B                     	ds	1
   646     003C                     ??_vfpfcnvrt:
   647                           
   648                           ; 1 bytes @ 0x1C
   649     003C                     	ds	2
   650     003E                     vfpfcnvrt@convarg:
   651                           
   652                           ; 4 bytes @ 0x1E
   653     003E                     	ds	4
   654     0042                     vfpfcnvrt@cp:
   655                           
   656                           ; 1 bytes @ 0x22
   657     0042                     	ds	1
   658     0043                     ?_vfprintf:
   659     0043                     vfprintf@fp:	
   660                           ; 2 bytes @ 0x23
   661                           
   662                           
   663                           ; 2 bytes @ 0x23
   664     0043                     	ds	2
   665     0045                     vfprintf@fmt:
   666                           
   667                           ; 1 bytes @ 0x25
   668     0045                     	ds	1
   669     0046                     vfprintf@ap:
   670                           
   671                           ; 1 bytes @ 0x26
   672     0046                     	ds	1
   673     0047                     vfprintf@cfmt:
   674                           
   675                           ; 1 bytes @ 0x27
   676     0047                     	ds	1
   677     0048                     ?_sprintf:
   678     0048                     sprintf@s:	
   679                           ; 2 bytes @ 0x28
   680                           
   681                           
   682                           ; 1 bytes @ 0x28
   683     0048                     	ds	1
   684     0049                     sprintf@fmt:
   685                           
   686                           ; 1 bytes @ 0x29
   687     0049                     	ds	3
   688     004C                     ??_sprintf:
   689                           
   690                           ; 1 bytes @ 0x2C
   691     004C                     	ds	1
   692     004D                     sprintf@ap:
   693                           
   694                           ; 1 bytes @ 0x2D
   695     004D                     	ds	1
   696     004E                     sprintf@f:
   697                           
   698                           ; 11 bytes @ 0x2E
   699     004E                     	ds	11
   700     0059                     ??_main:
   701                           
   702                           ; 1 bytes @ 0x39
   703     0059                     	ds	3
   704     005C                     main@buffer:
   705                           
   706                           ; 16 bytes @ 0x3C
   707     005C                     	ds	16
   708     006C                     main@millivolts:
   709                           
   710                           ; 2 bytes @ 0x4C
   711     006C                     	ds	2
   712     006E                     main@adc_value:
   713                           
   714                           ; 2 bytes @ 0x4E
   715     006E                     	ds	2
   716                           
   717                           	psect	maintext
   718     070D                     __pmaintext:	
   719 ;;
   720 ;;Main: autosize = 0, tempsize = 3, incstack = 0, save=0
   721 ;;
   722 ;; *************** function _main *****************
   723 ;; Defined at:
   724 ;;		line 36 in file "adc-1.c"
   725 ;; Parameters:    Size  Location     Type
   726 ;;		None
   727 ;; Auto vars:     Size  Location     Type
   728 ;;  buffer         16   60[BANK0 ] unsigned char [16]
   729 ;;  adc_value       2   78[BANK0 ] unsigned int 
   730 ;;  millivolts      2   76[BANK0 ] unsigned int 
   731 ;; Return value:  Size  Location     Type
   732 ;;                  1    wreg      void 
   733 ;; Registers used:
   734 ;;		wreg, fsr0l, fsr0h, status,2, status,0, pclath, btemp1, cstack
   735 ;; Tracked objects:
   736 ;;		On entry : B00/0
   737 ;;		On exit  : 0/0
   738 ;;		Unchanged: 0/0
   739 ;; Data sizes:     COMMON   BANK0   BANK1   BANK3   BANK2
   740 ;;      Params:         0       0       0       0       0
   741 ;;      Locals:         0      20       0       0       0
   742 ;;      Temps:          0       3       0       0       0
   743 ;;      Totals:         0      23       0       0       0
   744 ;;Total ram usage:       23 bytes
   745 ;; Hardware stack levels required when called: 7
   746 ;; This function calls:
   747 ;;		_ADC_Init
   748 ;;		_ADC_Read
   749 ;;		_LCD_Clear
   750 ;;		_LCD_Goto
   751 ;;		_LCD_Init
   752 ;;		_LCD_String
   753 ;;		___lldiv
   754 ;;		___lmul
   755 ;;		_sprintf
   756 ;; This function is called by:
   757 ;;		Startup code after reset
   758 ;; This function uses a non-reentrant model
   759 ;;
   760                           
   761     070D                     _main:	
   762                           ;psect for function _main
   763                           
   764     070D                     l1376:	
   765                           ;incstack = 0
   766                           ; Regs used in _main: [wreg-fsr0h+status,2+status,0+pclath+btemp1+cstack]
   767                           
   768                           
   769                           ;adc-1.c: 37:     unsigned int adc_value;;adc-1.c: 38:     unsigned int millivolts;;adc-
      +                          1.c: 39:     char buffer[16];;adc-1.c: 42:     TRISD = 0x00;
   770     070D  1683               	bsf	3,5	;RP0=1, select bank1
   771     070E  1303               	bcf	3,6	;RP1=0, select bank1
   772     070F  0188               	clrf	8	;volatile
   773                           
   774                           ;adc-1.c: 43:     TRISE = 0x00;
   775     0710  0189               	clrf	9	;volatile
   776     0711                     l1378:
   777                           
   778                           ;adc-1.c: 44:     TRISA = 0xFF;
   779     0711  30FF               	movlw	255
   780     0712  0085               	movwf	5	;volatile
   781     0713                     l1380:
   782                           
   783                           ;adc-1.c: 47:     LCD_Init();
   784     0713  120A  118A  2341  120A  118A  	fcall	_LCD_Init
   785     0718                     l1382:
   786                           
   787                           ;adc-1.c: 48:     ADC_Init();
   788     0718  120A  118A  2239  120A  118A  	fcall	_ADC_Init
   789     071D                     l1384:
   790                           
   791                           ;adc-1.c: 51:     LCD_Clear();
   792     071D  120A  118A  2229  120A  118A  	fcall	_LCD_Clear
   793     0722                     l1386:
   794                           
   795                           ;adc-1.c: 52:     LCD_String("  ADC PIC16F877A");
   796     0722  3012               	movlw	(low ((STR_1-__stringbase)| (0+32768)))& (0+255)
   797     0723  00F3               	movwf	LCD_String@str
   798     0724  3080               	movlw	128
   799     0725  00F4               	movwf	LCD_String@str+1
   800     0726  120A  118A  22F4  120A  118A  	fcall	_LCD_String
   801     072B                     l1388:
   802                           
   803                           ;adc-1.c: 53:     LCD_Goto(2, 1);
   804     072B  01F3               	clrf	LCD_Goto@col
   805     072C  0AF3               	incf	LCD_Goto@col,f
   806     072D  3002               	movlw	2
   807     072E  120A  118A  224B  120A  118A  	fcall	_LCD_Goto
   808     0733                     l1390:
   809                           
   810                           ;adc-1.c: 54:     LCD_String("Inicializando...");
   811     0733  3001               	movlw	(low ((STR_2-__stringbase)| (0+32768)))& (0+255)
   812     0734  00F3               	movwf	LCD_String@str
   813     0735  3080               	movlw	128
   814     0736  00F4               	movwf	LCD_String@str+1
   815     0737  120A  118A  22F4  120A  118A  	fcall	_LCD_String
   816     073C                     l1392:
   817                           
   818                           ;adc-1.c: 55:     _delay((unsigned long)((2000)*(4000000/4000.0)));
   819     073C  300B               	movlw	11
   820     073D  1283               	bcf	3,5	;RP0=0, select bank0
   821     073E  1303               	bcf	3,6	;RP1=0, select bank0
   822     073F  00DB               	movwf	??_main+2
   823     0740  3026               	movlw	38
   824     0741  00DA               	movwf	??_main+1
   825     0742  305D               	movlw	93
   826     0743  00D9               	movwf	??_main
   827     0744                     u1057:
   828     0744  0BD9               	decfsz	??_main,f
   829     0745  2F44               	goto	u1057
   830     0746  0BDA               	decfsz	??_main+1,f
   831     0747  2F44               	goto	u1057
   832     0748  0BDB               	decfsz	??_main+2,f
   833     0749  2F44               	goto	u1057
   834     074A                     l1394:
   835                           
   836                           ;adc-1.c: 57:     LCD_Clear();
   837     074A  120A  118A  2229  120A  118A  	fcall	_LCD_Clear
   838     074F                     l1396:
   839                           
   840                           ;adc-1.c: 58:     LCD_String("RAW:");
   841     074F  3032               	movlw	(low ((STR_3-__stringbase)| (0+32768)))& (0+255)
   842     0750  00F3               	movwf	LCD_String@str
   843     0751  3080               	movlw	128
   844     0752  00F4               	movwf	LCD_String@str+1
   845     0753  120A  118A  22F4  120A  118A  	fcall	_LCD_String
   846     0758                     l1398:
   847                           
   848                           ;adc-1.c: 59:     LCD_Goto(2, 1);
   849     0758  01F3               	clrf	LCD_Goto@col
   850     0759  0AF3               	incf	LCD_Goto@col,f
   851     075A  3002               	movlw	2
   852     075B  120A  118A  224B  120A  118A  	fcall	_LCD_Goto
   853     0760                     l1400:
   854                           
   855                           ;adc-1.c: 60:     LCD_String("mV:");
   856     0760  3037               	movlw	(low ((STR_4-__stringbase)| (0+32768)))& (0+255)
   857     0761  00F3               	movwf	LCD_String@str
   858     0762  3080               	movlw	128
   859     0763  00F4               	movwf	LCD_String@str+1
   860     0764  120A  118A  22F4  120A  118A  	fcall	_LCD_String
   861     0769                     l1402:
   862                           
   863                           ;adc-1.c: 65:         adc_value = ADC_Read(0);
   864     0769  3000               	movlw	0
   865     076A  120A  118A  231A  120A  118A  	fcall	_ADC_Read
   866     076F  0871               	movf	?_ADC_Read+1,w
   867     0770  1283               	bcf	3,5	;RP0=0, select bank0
   868     0771  1303               	bcf	3,6	;RP1=0, select bank0
   869     0772  00EF               	movwf	main@adc_value+1
   870     0773  0870               	movf	?_ADC_Read,w
   871     0774  00EE               	movwf	main@adc_value
   872     0775                     l1404:
   873                           
   874                           ;adc-1.c: 69:         millivolts = (unsigned int)((unsigned long)adc_value * 5000 / 1023
      +                          );
   875     0775  3000               	movlw	0
   876     0776  00A3               	movwf	___lldiv@divisor+3
   877     0777  3000               	movlw	0
   878     0778  00A2               	movwf	___lldiv@divisor+2
   879     0779  3003               	movlw	3
   880     077A  00A1               	movwf	___lldiv@divisor+1
   881     077B  30FF               	movlw	255
   882     077C  00A0               	movwf	___lldiv@divisor
   883     077D  086E               	movf	main@adc_value,w
   884     077E  00F0               	movwf	___lmul@multiplier
   885     077F  086F               	movf	main@adc_value+1,w
   886     0780  00F1               	movwf	___lmul@multiplier+1
   887     0781  01F2               	clrf	___lmul@multiplier+2
   888     0782  01F3               	clrf	___lmul@multiplier+3
   889     0783  3000               	movlw	0
   890     0784  00F7               	movwf	___lmul@multiplicand+3
   891     0785  3000               	movlw	0
   892     0786  00F6               	movwf	___lmul@multiplicand+2
   893     0787  3013               	movlw	19
   894     0788  00F5               	movwf	___lmul@multiplicand+1
   895     0789  3088               	movlw	136
   896     078A  00F4               	movwf	___lmul@multiplicand
   897     078B  120A  118A  2411  120A  118A  	fcall	___lmul
   898     0790  0873               	movf	?___lmul+3,w
   899     0791  1283               	bcf	3,5	;RP0=0, select bank0
   900     0792  1303               	bcf	3,6	;RP1=0, select bank0
   901     0793  00A7               	movwf	___lldiv@dividend+3
   902     0794  0872               	movf	?___lmul+2,w
   903     0795  00A6               	movwf	___lldiv@dividend+2
   904     0796  0871               	movf	?___lmul+1,w
   905     0797  00A5               	movwf	___lldiv@dividend+1
   906     0798  0870               	movf	?___lmul,w
   907     0799  00A4               	movwf	___lldiv@dividend
   908     079A  120A  118A  2501  120A  118A  	fcall	___lldiv
   909     079F  1283               	bcf	3,5	;RP0=0, select bank0
   910     07A0  1303               	bcf	3,6	;RP1=0, select bank0
   911     07A1  0821               	movf	?___lldiv+1,w
   912     07A2  00ED               	movwf	main@millivolts+1
   913     07A3  0820               	movf	?___lldiv,w
   914     07A4  00EC               	movwf	main@millivolts
   915     07A5                     l1406:
   916                           
   917                           ;adc-1.c: 72:         LCD_Goto(1, 6);
   918     07A5  3006               	movlw	6
   919     07A6  00F3               	movwf	LCD_Goto@col
   920     07A7  3001               	movlw	1
   921     07A8  120A  118A  224B  120A  118A  	fcall	_LCD_Goto
   922     07AD                     l1408:
   923                           
   924                           ;adc-1.c: 73:         sprintf(buffer, "%4u   ", adc_value);
   925     07AD  305C               	movlw	(low (main@buffer| 0))& (0+255)
   926     07AE  1283               	bcf	3,5	;RP0=0, select bank0
   927     07AF  1303               	bcf	3,6	;RP1=0, select bank0
   928     07B0  00C8               	movwf	sprintf@s
   929     07B1  302B               	movlw	(low ((STR_5-__stringbase)| (0+32768)))& (0+255)
   930     07B2  00C9               	movwf	sprintf@fmt
   931     07B3  086F               	movf	main@adc_value+1,w
   932     07B4  00CB               	movwf	?_sprintf+3
   933     07B5  086E               	movf	main@adc_value,w
   934     07B6  00CA               	movwf	?_sprintf+2
   935     07B7  120A  118A  22AC  120A  118A  	fcall	_sprintf
   936     07BC                     l1410:
   937                           
   938                           ;adc-1.c: 74:         LCD_String(buffer);
   939     07BC  305C               	movlw	(low (main@buffer| 0))& (0+255)
   940     07BD  00F3               	movwf	LCD_String@str
   941     07BE  3000               	movlw	0
   942     07BF  00F4               	movwf	LCD_String@str+1
   943     07C0  120A  118A  22F4  120A  118A  	fcall	_LCD_String
   944     07C5                     l1412:
   945                           
   946                           ;adc-1.c: 77:         LCD_Goto(2, 5);
   947     07C5  3005               	movlw	5
   948     07C6  00F3               	movwf	LCD_Goto@col
   949     07C7  3002               	movlw	2
   950     07C8  120A  118A  224B  120A  118A  	fcall	_LCD_Goto
   951     07CD                     l1414:
   952                           
   953                           ;adc-1.c: 78:         sprintf(buffer, "%4u mV ", millivolts);
   954     07CD  305C               	movlw	(low (main@buffer| 0))& (0+255)
   955     07CE  1283               	bcf	3,5	;RP0=0, select bank0
   956     07CF  1303               	bcf	3,6	;RP1=0, select bank0
   957     07D0  00C8               	movwf	sprintf@s
   958     07D1  3023               	movlw	(low ((STR_6-__stringbase)| (0+32768)))& (0+255)
   959     07D2  00C9               	movwf	sprintf@fmt
   960     07D3  086D               	movf	main@millivolts+1,w
   961     07D4  00CB               	movwf	?_sprintf+3
   962     07D5  086C               	movf	main@millivolts,w
   963     07D6  00CA               	movwf	?_sprintf+2
   964     07D7  120A  118A  22AC  120A  118A  	fcall	_sprintf
   965     07DC                     l1416:
   966                           
   967                           ;adc-1.c: 79:         LCD_String(buffer);
   968     07DC  305C               	movlw	(low (main@buffer| 0))& (0+255)
   969     07DD  00F3               	movwf	LCD_String@str
   970     07DE  3000               	movlw	0
   971     07DF  00F4               	movwf	LCD_String@str+1
   972     07E0  120A  118A  22F4  120A  118A  	fcall	_LCD_String
   973     07E5                     l1418:
   974                           
   975                           ;adc-1.c: 81:         _delay((unsigned long)((100)*(4000000/4000.0)));
   976     07E5  3082               	movlw	130
   977     07E6  1283               	bcf	3,5	;RP0=0, select bank0
   978     07E7  1303               	bcf	3,6	;RP1=0, select bank0
   979     07E8  00DA               	movwf	??_main+1
   980     07E9  30DD               	movlw	221
   981     07EA  00D9               	movwf	??_main
   982     07EB                     u1067:
   983     07EB  0BD9               	decfsz	??_main,f
   984     07EC  2FEB               	goto	u1067
   985     07ED  0BDA               	decfsz	??_main+1,f
   986     07EE  2FEB               	goto	u1067
   987     07EF  2F69               	goto	l1402
   988     07F0  120A  118A  2800   	ljmp	start
   989     07F3                     __end_of_main:
   990                           
   991                           	psect	text1
   992     02AC                     __ptext1:	
   993 ;; *************** function _sprintf *****************
   994 ;; Defined at:
   995 ;;		line 9 in file "C:\Program Files\Microchip\xc8\v3.10\pic\sources\c99\common\nf_sprintf.c"
   996 ;; Parameters:    Size  Location     Type
   997 ;;  s               1   40[BANK0 ] PTR unsigned char 
   998 ;;		 -> main@buffer(16), 
   999 ;;  fmt             1   41[BANK0 ] PTR const unsigned char 
  1000 ;;		 -> STR_6(8), STR_5(7), 
  1001 ;; Auto vars:     Size  Location     Type
  1002 ;;  f              11   46[BANK0 ] struct _IO_FILE
  1003 ;;  ret             2    0        int 
  1004 ;;  ap              1   45[BANK0 ] PTR void [1]
  1005 ;;		 -> ?_sprintf(2), 
  1006 ;; Return value:  Size  Location     Type
  1007 ;;                  2   40[BANK0 ] int 
  1008 ;; Registers used:
  1009 ;;		wreg, fsr0l, fsr0h, status,2, status,0, pclath, btemp1, cstack
  1010 ;; Tracked objects:
  1011 ;;		On entry : 0/0
  1012 ;;		On exit  : 0/0
  1013 ;;		Unchanged: 0/0
  1014 ;; Data sizes:     COMMON   BANK0   BANK1   BANK3   BANK2
  1015 ;;      Params:         0       4       0       0       0
  1016 ;;      Locals:         0      12       0       0       0
  1017 ;;      Temps:          0       1       0       0       0
  1018 ;;      Totals:         0      17       0       0       0
  1019 ;;Total ram usage:       17 bytes
  1020 ;; Hardware stack levels used: 1
  1021 ;; Hardware stack levels required when called: 6
  1022 ;; This function calls:
  1023 ;;		_vfprintf
  1024 ;; This function is called by:
  1025 ;;		_main
  1026 ;; This function uses a non-reentrant model
  1027 ;;
  1028                           
  1029     02AC                     _sprintf:	
  1030                           ;psect for function _sprintf
  1031                           
  1032     02AC                     l1324:	
  1033                           ;incstack = 0
  1034                           ; Regs used in _sprintf: [wreg-fsr0h+status,2+status,0+pclath+btemp1+cstack]
  1035                           
  1036     02AC  304A               	movlw	(low ((?_sprintf| 0+2)))& (0+255)
  1037     02AD  1283               	bcf	3,5	;RP0=0, select bank0
  1038     02AE  1303               	bcf	3,6	;RP1=0, select bank0
  1039     02AF  00CD               	movwf	sprintf@ap
  1040     02B0                     l1326:
  1041     02B0  0848               	movf	sprintf@s,w
  1042     02B1  00CE               	movwf	sprintf@f
  1043     02B2  3000               	movlw	0
  1044     02B3  00CF               	movwf	sprintf@f+1
  1045     02B4                     l1328:
  1046     02B4  01D0               	clrf	sprintf@f+2
  1047     02B5  01D1               	clrf	sprintf@f+3
  1048     02B6                     l1330:
  1049     02B6  01D7               	clrf	sprintf@f+9
  1050     02B7  01D8               	clrf	sprintf@f+10
  1051     02B8                     l1332:
  1052     02B8  304E               	movlw	low sprintf@f
  1053     02B9  00C3               	movwf	vfprintf@fp
  1054     02BA  3000               	movlw	high sprintf@f
  1055     02BB  00C4               	movwf	vfprintf@fp+1
  1056     02BC  0849               	movf	sprintf@fmt,w
  1057     02BD  00C5               	movwf	vfprintf@fmt
  1058     02BE  304D               	movlw	(low (sprintf@ap| 0))& (0+255)
  1059     02BF  00C6               	movwf	vfprintf@ap
  1060     02C0  120A  118A  2289  120A  118A  	fcall	_vfprintf
  1061     02C5                     l1334:
  1062     02C5  1283               	bcf	3,5	;RP0=0, select bank0
  1063     02C6  1303               	bcf	3,6	;RP1=0, select bank0
  1064     02C7  0850               	movf	sprintf@f+2,w
  1065     02C8  0748               	addwf	sprintf@s,w
  1066     02C9  00CC               	movwf	??_sprintf
  1067     02CA  084C               	movf	??_sprintf,w
  1068     02CB  0084               	movwf	4
  1069     02CC  1383               	bcf	3,7	;select IRP bank0
  1070     02CD  0180               	clrf	0
  1071     02CE                     l627:
  1072     02CE  0008               	return
  1073     02CF                     __end_of_sprintf:
  1074                           
  1075                           	psect	text2
  1076     0289                     __ptext2:	
  1077 ;; *************** function _vfprintf *****************
  1078 ;; Defined at:
  1079 ;;		line 1817 in file "C:\Program Files\Microchip\xc8\v3.10\pic\sources\c99\common\doprnt.c"
  1080 ;; Parameters:    Size  Location     Type
  1081 ;;  fp              2   35[BANK0 ] PTR struct _IO_FILE
  1082 ;;		 -> sprintf@f(11), 
  1083 ;;  fmt             1   37[BANK0 ] PTR const unsigned char 
  1084 ;;		 -> STR_6(8), STR_5(7), 
  1085 ;;  ap              1   38[BANK0 ] PTR PTR void 
  1086 ;;		 -> sprintf@ap(1), 
  1087 ;; Auto vars:     Size  Location     Type
  1088 ;;  cfmt            1   39[BANK0 ] PTR unsigned char 
  1089 ;;		 -> STR_6(8), STR_5(7), 
  1090 ;; Return value:  Size  Location     Type
  1091 ;;                  2   35[BANK0 ] int 
  1092 ;; Registers used:
  1093 ;;		wreg, fsr0l, fsr0h, status,2, status,0, pclath, btemp1, cstack
  1094 ;; Tracked objects:
  1095 ;;		On entry : 0/0
  1096 ;;		On exit  : 0/0
  1097 ;;		Unchanged: 0/0
  1098 ;; Data sizes:     COMMON   BANK0   BANK1   BANK3   BANK2
  1099 ;;      Params:         0       4       0       0       0
  1100 ;;      Locals:         0       1       0       0       0
  1101 ;;      Temps:          0       0       0       0       0
  1102 ;;      Totals:         0       5       0       0       0
  1103 ;;Total ram usage:        5 bytes
  1104 ;; Hardware stack levels used: 1
  1105 ;; Hardware stack levels required when called: 5
  1106 ;; This function calls:
  1107 ;;		_vfpfcnvrt
  1108 ;; This function is called by:
  1109 ;;		_sprintf
  1110 ;; This function uses a non-reentrant model
  1111 ;;
  1112                           
  1113     0289                     _vfprintf:	
  1114                           ;psect for function _vfprintf
  1115                           
  1116     0289                     l1270:	
  1117                           ;incstack = 0
  1118                           ; Regs used in _vfprintf: [wreg-fsr0h+status,2+status,0+pclath+btemp1+cstack]
  1119                           
  1120                           
  1121                           ;C:\Program Files\Microchip\xc8\v3.10\pic\sources\c99\common\doprnt.c: 1817: int vfprint
      +                          f(FILE *fp, const char *fmt, va_list ap);C:\Program Files\Microchip\xc8\v3.10\pic\source
      +                          s\c99\common\doprnt.c: 1818: {;C:\Program Files\Microchip\xc8\v3.10\pic\sources\c99\comm
      +                          on\doprnt.c: 1820:     char *cfmt;;C:\Program Files\Microchip\xc8\v3.10\pic\sources\c99\
      +                          common\doprnt.c: 1822:     cfmt = (char *)fmt;
  1122     0289  1283               	bcf	3,5	;RP0=0, select bank0
  1123     028A  1303               	bcf	3,6	;RP1=0, select bank0
  1124     028B  0845               	movf	vfprintf@fmt,w
  1125     028C  00C7               	movwf	vfprintf@cfmt
  1126                           
  1127                           ;C:\Program Files\Microchip\xc8\v3.10\pic\sources\c99\common\doprnt.c: 1826:     while (
      +                          *cfmt) {
  1128     028D  2A9B               	goto	l1274
  1129     028E                     l1272:
  1130                           
  1131                           ;C:\Program Files\Microchip\xc8\v3.10\pic\sources\c99\common\doprnt.c: 1830:    vfpfcnvr
      +                          t(fp, &cfmt, ap);
  1132     028E  0843               	movf	vfprintf@fp,w
  1133     028F  00B8               	movwf	vfpfcnvrt@fp
  1134     0290  0844               	movf	vfprintf@fp+1,w
  1135     0291  00B9               	movwf	vfpfcnvrt@fp+1
  1136     0292  3047               	movlw	(low (vfprintf@cfmt| 0))& (0+255)
  1137     0293  00BA               	movwf	vfpfcnvrt@fmt
  1138     0294  0846               	movf	vfprintf@ap,w
  1139     0295  00BB               	movwf	vfpfcnvrt@ap
  1140     0296  120A  118A  2672  120A  118A  	fcall	_vfpfcnvrt
  1141     029B                     l1274:
  1142                           
  1143                           ;C:\Program Files\Microchip\xc8\v3.10\pic\sources\c99\common\doprnt.c: 1826:     while (
      +                          *cfmt) {
  1144     029B  1283               	bcf	3,5	;RP0=0, select bank0
  1145     029C  1303               	bcf	3,6	;RP1=0, select bank0
  1146     029D  0847               	movf	vfprintf@cfmt,w
  1147     029E  0084               	movwf	4
  1148     029F  120A  118A  200D  120A  118A  	fcall	stringdir
  1149     02A4  3A00               	xorlw	0
  1150     02A5  1D03               	skipz
  1151     02A6  2AA8               	goto	u881
  1152     02A7  2AA9               	goto	u880
  1153     02A8                     u881:
  1154     02A8  2A8E               	goto	l1272
  1155     02A9                     u880:
  1156     02A9                     l1276:
  1157                           
  1158                           ;C:\Program Files\Microchip\xc8\v3.10\pic\sources\c99\common\doprnt.c: 1835:  return 0;
  1159     02A9  01C3               	clrf	?_vfprintf
  1160     02AA  01C4               	clrf	?_vfprintf+1
  1161     02AB                     l683:
  1162     02AB  0008               	return
  1163     02AC                     __end_of_vfprintf:
  1164                           
  1165                           	psect	text3
  1166     0672                     __ptext3:	
  1167 ;; *************** function _vfpfcnvrt *****************
  1168 ;; Defined at:
  1169 ;;		line 1177 in file "C:\Program Files\Microchip\xc8\v3.10\pic\sources\c99\common\doprnt.c"
  1170 ;; Parameters:    Size  Location     Type
  1171 ;;  fp              2   24[BANK0 ] PTR struct _IO_FILE
  1172 ;;		 -> sprintf@f(11), 
  1173 ;;  fmt             1   26[BANK0 ] PTR PTR unsigned char 
  1174 ;;		 -> vfprintf@cfmt(1), 
  1175 ;;  ap              1   27[BANK0 ] PTR PTR void 
  1176 ;;		 -> sprintf@ap(1), 
  1177 ;; Auto vars:     Size  Location     Type
  1178 ;;  convarg         4   30[BANK0 ] struct .
  1179 ;;  cp              1   34[BANK0 ] PTR unsigned char 
  1180 ;;		 -> STR_6(8), STR_5(7), 
  1181 ;;  done            1    0        _Bool 
  1182 ;;  c               1    0        unsigned char 
  1183 ;; Return value:  Size  Location     Type
  1184 ;;                  1    wreg      void 
  1185 ;; Registers used:
  1186 ;;		wreg, fsr0l, fsr0h, status,2, status,0, pclath, btemp1, cstack
  1187 ;; Tracked objects:
  1188 ;;		On entry : 0/0
  1189 ;;		On exit  : 0/0
  1190 ;;		Unchanged: 0/0
  1191 ;; Data sizes:     COMMON   BANK0   BANK1   BANK3   BANK2
  1192 ;;      Params:         0       4       0       0       0
  1193 ;;      Locals:         0       5       0       0       0
  1194 ;;      Temps:          0       2       0       0       0
  1195 ;;      Totals:         0      11       0       0       0
  1196 ;;Total ram usage:       11 bytes
  1197 ;; Hardware stack levels used: 1
  1198 ;; Hardware stack levels required when called: 4
  1199 ;; This function calls:
  1200 ;;		_fputc
  1201 ;;		_read_prec_or_width
  1202 ;;		_utoa
  1203 ;; This function is called by:
  1204 ;;		_vfprintf
  1205 ;; This function uses a non-reentrant model
  1206 ;;
  1207                           
  1208     0672                     _vfpfcnvrt:	
  1209                           ;psect for function _vfpfcnvrt
  1210                           
  1211     0672                     l1208:	
  1212                           ;incstack = 0
  1213                           ; Regs used in _vfpfcnvrt: [wreg-fsr0h+status,2+status,0+pclath+btemp1+cstack]
  1214                           
  1215                           
  1216                           ;C:\Program Files\Microchip\xc8\v3.10\pic\sources\c99\common\doprnt.c: 1177: vfpfcnvrt(F
      +                          ILE *fp, char *fmt[], va_list ap);C:\Program Files\Microchip\xc8\v3.10\pic\sources\c99\c
      +                          ommon\doprnt.c: 1178: {;C:\Program Files\Microchip\xc8\v3.10\pic\sources\c99\common\dopr
      +                          nt.c: 1179:     char c, *cp;;C:\Program Files\Microchip\xc8\v3.10\pic\sources\c99\common
      +                          \doprnt.c: 1180:     _Bool done;;C:\Program Files\Microchip\xc8\v3.10\pic\sources\c99\co
      +                          mmon\doprnt.c: 1188:  } convarg;;C:\Program Files\Microchip\xc8\v3.10\pic\sources\c99\co
      +                          mmon\doprnt.c: 1201:     if ((*fmt)[0] == '%') {
  1217     0672  1283               	bcf	3,5	;RP0=0, select bank0
  1218     0673  1303               	bcf	3,6	;RP1=0, select bank0
  1219     0674  083A               	movf	vfpfcnvrt@fmt,w
  1220     0675  0084               	movwf	4
  1221     0676  1383               	bcf	3,7	;select IRP bank0
  1222     0677  0800               	movf	0,w
  1223     0678  0084               	movwf	4
  1224     0679  120A  118A  200D  120A  118A  	fcall	stringdir
  1225     067E  3A25               	xorlw	37
  1226     067F  1D03               	skipz
  1227     0680  2E82               	goto	u851
  1228     0681  2E83               	goto	u850
  1229     0682                     u851:
  1230     0682  2EF3               	goto	l1244
  1231     0683                     u850:
  1232     0683                     l1210:
  1233                           
  1234                           ;C:\Program Files\Microchip\xc8\v3.10\pic\sources\c99\common\doprnt.c: 1202:         ++*
      +                          fmt;
  1235     0683  083A               	movf	vfpfcnvrt@fmt,w
  1236     0684  0084               	movwf	4
  1237     0685  3001               	movlw	1
  1238     0686  0780               	addwf	0,f
  1239     0687                     l1212:
  1240                           
  1241                           ;C:\Program Files\Microchip\xc8\v3.10\pic\sources\c99\common\doprnt.c: 1204:         fla
      +                          gs = width = 0;
  1242     0687  1683               	bsf	3,5	;RP0=1, select bank1
  1243     0688  1303               	bcf	3,6	;RP1=0, select bank1
  1244     0689  01A0               	clrf	_width^(0+128)
  1245     068A  01A1               	clrf	(_width+1)^(0+128)
  1246     068B  3000               	movlw	0
  1247     068C  00A4               	movwf	_flags^(0+128)
  1248     068D                     l1214:
  1249                           
  1250                           ;C:\Program Files\Microchip\xc8\v3.10\pic\sources\c99\common\doprnt.c: 1205:         pre
      +                          c = -1;
  1251     068D  30FF               	movlw	255
  1252     068E  00A2               	movwf	_prec^(0+128)
  1253     068F  30FF               	movlw	255
  1254     0690  00A3               	movwf	(_prec^(0+128)+1)
  1255     0691                     l1216:
  1256                           
  1257                           ;C:\Program Files\Microchip\xc8\v3.10\pic\sources\c99\common\doprnt.c: 1256:   width = r
      +                          ead_prec_or_width(fmt, ap);
  1258     0691  1283               	bcf	3,5	;RP0=0, select bank0
  1259     0692  1303               	bcf	3,6	;RP1=0, select bank0
  1260     0693  083A               	movf	vfpfcnvrt@fmt,w
  1261     0694  00F6               	movwf	read_prec_or_width@fmt
  1262     0695  083B               	movf	vfpfcnvrt@ap,w
  1263     0696  00F7               	movwf	read_prec_or_width@ap
  1264     0697  120A  118A  2457  120A  118A  	fcall	_read_prec_or_width
  1265     069C  0877               	movf	?_read_prec_or_width+1,w
  1266     069D  1683               	bsf	3,5	;RP0=1, select bank1
  1267     069E  1303               	bcf	3,6	;RP1=0, select bank1
  1268     069F  00A1               	movwf	(_width+1)^(0+128)
  1269     06A0  0876               	movf	?_read_prec_or_width,w
  1270     06A1  00A0               	movwf	_width^(0+128)
  1271     06A2                     l1218:
  1272                           
  1273                           ;C:\Program Files\Microchip\xc8\v3.10\pic\sources\c99\common\doprnt.c: 1257:   if (width
      +                           < 0) {
  1274     06A2  1FA1               	btfss	(_width+1)^(0+128),7
  1275     06A3  2EA5               	goto	u861
  1276     06A4  2EA6               	goto	u860
  1277     06A5                     u861:
  1278     06A5  2EAC               	goto	l1224
  1279     06A6                     u860:
  1280     06A6                     l1220:
  1281                           
  1282                           ;C:\Program Files\Microchip\xc8\v3.10\pic\sources\c99\common\doprnt.c: 1258:    flags |=
      +                           (1 << 0);
  1283     06A6  1424               	bsf	_flags^(0+128),0
  1284     06A7                     l1222:
  1285                           
  1286                           ;C:\Program Files\Microchip\xc8\v3.10\pic\sources\c99\common\doprnt.c: 1259:    width = 
      +                          -width;
  1287     06A7  09A0               	comf	_width^(0+128),f
  1288     06A8  09A1               	comf	(_width+1)^(0+128),f
  1289     06A9  0AA0               	incf	_width^(0+128),f
  1290     06AA  1903               	skipnz
  1291     06AB  0AA1               	incf	(_width+1)^(0+128),f
  1292     06AC                     l1224:
  1293                           
  1294                           ;C:\Program Files\Microchip\xc8\v3.10\pic\sources\c99\common\doprnt.c: 1439:   if (0
  1295     06AC  1283               	bcf	3,5	;RP0=0, select bank0
  1296     06AD  1303               	bcf	3,6	;RP1=0, select bank0
  1297     06AE  083A               	movf	vfpfcnvrt@fmt,w
  1298     06AF  0084               	movwf	4
  1299     06B0  1383               	bcf	3,7	;select IRP bank0
  1300     06B1  0800               	movf	0,w
  1301     06B2  00C2               	movwf	vfpfcnvrt@cp
  1302     06B3                     l1226:
  1303     06B3  0842               	movf	vfpfcnvrt@cp,w
  1304     06B4  0084               	movwf	4
  1305     06B5  120A  118A  200D  120A  118A  	fcall	stringdir
  1306     06BA  3A75               	xorlw	117
  1307     06BB  1D03               	skipz
  1308     06BC  2EBE               	goto	u871
  1309     06BD  2EBF               	goto	u870
  1310     06BE                     u871:
  1311     06BE  2EEB               	goto	l1240
  1312     06BF                     u870:
  1313     06BF                     l1228:
  1314                           
  1315                           ;C:\Program Files\Microchip\xc8\v3.10\pic\sources\c99\common\doprnt.c: 1452:     ) {;C:\
      +                          Program Files\Microchip\xc8\v3.10\pic\sources\c99\common\doprnt.c: 1495:    convarg.uint
      +                           = (vfpf_uint_t)(unsigned int)(*(unsigned int *)__va_arg(*(unsigned int **)ap, (unsigned
      +                           int)0));
  1316     06BF  083B               	movf	vfpfcnvrt@ap,w
  1317     06C0  0084               	movwf	4
  1318     06C1  0800               	movf	0,w
  1319     06C2  00FF               	movwf	btemp1
  1320     06C3  3002               	movlw	2
  1321     06C4  0780               	addwf	0,f
  1322     06C5  087F               	movf	btemp1,w
  1323     06C6  0084               	movwf	4
  1324     06C7  0800               	movf	0,w
  1325     06C8  00BE               	movwf	vfpfcnvrt@convarg
  1326     06C9  0A84               	incf	4,f
  1327     06CA  0800               	movf	0,w
  1328     06CB  00BF               	movwf	vfpfcnvrt@convarg+1
  1329     06CC                     l1230:
  1330                           
  1331                           ;C:\Program Files\Microchip\xc8\v3.10\pic\sources\c99\common\doprnt.c: 1497:    *fmt = c
      +                          p+1;
  1332     06CC  083A               	movf	vfpfcnvrt@fmt,w
  1333     06CD  0084               	movwf	4
  1334     06CE  0842               	movf	vfpfcnvrt@cp,w
  1335     06CF  3E01               	addlw	1
  1336     06D0  0080               	movwf	0
  1337                           
  1338                           ;C:\Program Files\Microchip\xc8\v3.10\pic\sources\c99\common\doprnt.c: 1498:    switch (
      +                          *cp) {
  1339     06D1  2EE0               	goto	l1238
  1340     06D2                     l1232:
  1341                           
  1342                           ;C:\Program Files\Microchip\xc8\v3.10\pic\sources\c99\common\doprnt.c: 1542:      return
      +                           (void) utoa(fp, convarg.uint);;	Return value of _vfpfcnvrt is never used
  1343     06D2  0838               	movf	vfpfcnvrt@fp,w
  1344     06D3  00AF               	movwf	utoa@fp
  1345     06D4  0839               	movf	vfpfcnvrt@fp+1,w
  1346     06D5  00B0               	movwf	utoa@fp+1
  1347     06D6  083F               	movf	vfpfcnvrt@convarg+1,w
  1348     06D7  00B2               	movwf	utoa@d+1
  1349     06D8  083E               	movf	vfpfcnvrt@convarg,w
  1350     06D9  00B1               	movwf	utoa@d
  1351     06DA  120A  118A  2567  120A  118A  	fcall	_utoa
  1352     06DF  2F0C               	goto	l676
  1353     06E0                     l1238:
  1354     06E0  0842               	movf	vfpfcnvrt@cp,w
  1355     06E1  0084               	movwf	4
  1356     06E2  120A  118A  200D  120A  118A  	fcall	stringdir
  1357                           
  1358                           ; Switch size 1, requested type "simple"
  1359                           ; Number of cases is 1, Range of values is 117 to 117
  1360                           ; switch strategies available:
  1361                           ; Name         Instructions Cycles
  1362                           ; simple_byte            4     3 (average)
  1363                           ; direct_byte           14    11 (fixed)
  1364                           ; jumptable            263     9 (fixed)
  1365                           ;	Chosen strategy is simple_byte
  1366     06E7  3A75               	xorlw	117	; case 117
  1367     06E8  1903               	skipnz
  1368     06E9  2ED2               	goto	l1232
  1369     06EA  2EEB               	goto	l1240
  1370     06EB                     l1240:
  1371                           
  1372                           ;C:\Program Files\Microchip\xc8\v3.10\pic\sources\c99\common\doprnt.c: 1806:         ++*
      +                          fmt;
  1373     06EB  1283               	bcf	3,5	;RP0=0, select bank0
  1374     06EC  1303               	bcf	3,6	;RP1=0, select bank0
  1375     06ED  083A               	movf	vfpfcnvrt@fmt,w
  1376     06EE  0084               	movwf	4
  1377     06EF  3001               	movlw	1
  1378     06F0  1383               	bcf	3,7	;select IRP bank0
  1379     06F1  0780               	addwf	0,f
  1380     06F2  2F0C               	goto	l676
  1381     06F3                     l1244:
  1382                           
  1383                           ;C:\Program Files\Microchip\xc8\v3.10\pic\sources\c99\common\doprnt.c: 1811:     fputc((
      +                          int)(*fmt)[0], fp);
  1384     06F3  083A               	movf	vfpfcnvrt@fmt,w
  1385     06F4  0084               	movwf	4
  1386     06F5  0800               	movf	0,w
  1387     06F6  0084               	movwf	4
  1388     06F7  120A  118A  200D  120A  118A  	fcall	stringdir
  1389     06FC  00BC               	movwf	??_vfpfcnvrt
  1390     06FD  01BD               	clrf	??_vfpfcnvrt+1
  1391     06FE  083C               	movf	??_vfpfcnvrt,w
  1392     06FF  00F0               	movwf	fputc@c
  1393     0700  083D               	movf	??_vfpfcnvrt+1,w
  1394     0701  00F1               	movwf	fputc@c+1
  1395     0702  0838               	movf	vfpfcnvrt@fp,w
  1396     0703  00F2               	movwf	fputc@fp
  1397     0704  0839               	movf	vfpfcnvrt@fp+1,w
  1398     0705  00F3               	movwf	fputc@fp+1
  1399     0706  120A  118A  25D8  120A  118A  	fcall	_fputc
  1400     070B  2EEB               	goto	l1240
  1401     070C                     l676:
  1402     070C  0008               	return
  1403     070D                     __end_of_vfpfcnvrt:
  1404                           
  1405                           	psect	text4
  1406     0567                     __ptext4:	
  1407 ;; *************** function _utoa *****************
  1408 ;; Defined at:
  1409 ;;		line 1001 in file "C:\Program Files\Microchip\xc8\v3.10\pic\sources\c99\common\doprnt.c"
  1410 ;; Parameters:    Size  Location     Type
  1411 ;;  fp              2   15[BANK0 ] PTR struct _IO_FILE
  1412 ;;		 -> sprintf@f(11), 
  1413 ;;  d               2   17[BANK0 ] unsigned int 
  1414 ;; Auto vars:     Size  Location     Type
  1415 ;;  i               2   22[BANK0 ] int 
  1416 ;;  w               2   19[BANK0 ] int 
  1417 ;;  p               1   21[BANK0 ] _Bool 
  1418 ;; Return value:  Size  Location     Type
  1419 ;;                  1    wreg      void 
  1420 ;; Registers used:
  1421 ;;		wreg, fsr0l, fsr0h, status,2, status,0, pclath, cstack
  1422 ;; Tracked objects:
  1423 ;;		On entry : 0/0
  1424 ;;		On exit  : 0/0
  1425 ;;		Unchanged: 0/0
  1426 ;; Data sizes:     COMMON   BANK0   BANK1   BANK3   BANK2
  1427 ;;      Params:         0       4       0       0       0
  1428 ;;      Locals:         0       5       0       0       0
  1429 ;;      Temps:          0       0       0       0       0
  1430 ;;      Totals:         0       9       0       0       0
  1431 ;;Total ram usage:        9 bytes
  1432 ;; Hardware stack levels used: 1
  1433 ;; Hardware stack levels required when called: 3
  1434 ;; This function calls:
  1435 ;;		___lwdiv
  1436 ;;		___lwmod
  1437 ;;		_pad
  1438 ;; This function is called by:
  1439 ;;		_vfpfcnvrt
  1440 ;; This function uses a non-reentrant model
  1441 ;;
  1442                           
  1443     0567                     _utoa:	
  1444                           ;psect for function _utoa
  1445                           
  1446     0567                     l1164:	
  1447                           ;incstack = 0
  1448                           ; Regs used in _utoa: [wreg-fsr0h+status,2+status,0+pclath+cstack]
  1449                           
  1450                           
  1451                           ;C:\Program Files\Microchip\xc8\v3.10\pic\sources\c99\common\doprnt.c: 1001: static void
      +                           utoa(FILE *fp, vfpf_uint_t d);C:\Program Files\Microchip\xc8\v3.10\pic\sources\c99\comm
      +                          on\doprnt.c: 1002: {;C:\Program Files\Microchip\xc8\v3.10\pic\sources\c99\common\doprnt.
      +                          c: 1003:     int i, w;;C:\Program Files\Microchip\xc8\v3.10\pic\sources\c99\common\doprn
      +                          t.c: 1007:  _Bool p = 1;
  1452     0567  3001               	movlw	1
  1453     0568  1283               	bcf	3,5	;RP0=0, select bank0
  1454     0569  1303               	bcf	3,6	;RP1=0, select bank0
  1455     056A  00B5               	movwf	utoa@p
  1456     056B                     l1166:
  1457                           
  1458                           ;C:\Program Files\Microchip\xc8\v3.10\pic\sources\c99\common\doprnt.c: 1019:     w = wid
      +                          th;
  1459     056B  1683               	bsf	3,5	;RP0=1, select bank1
  1460     056C  1303               	bcf	3,6	;RP1=0, select bank1
  1461     056D  0821               	movf	(_width+1)^(0+128),w
  1462     056E  1283               	bcf	3,5	;RP0=0, select bank0
  1463     056F  1303               	bcf	3,6	;RP1=0, select bank0
  1464     0570  00B4               	movwf	utoa@w+1
  1465     0571  1683               	bsf	3,5	;RP0=1, select bank1
  1466     0572  1303               	bcf	3,6	;RP1=0, select bank1
  1467     0573  0820               	movf	_width^(0+128),w
  1468     0574  1283               	bcf	3,5	;RP0=0, select bank0
  1469     0575  1303               	bcf	3,6	;RP1=0, select bank0
  1470     0576  00B3               	movwf	utoa@w
  1471                           
  1472                           ;C:\Program Files\Microchip\xc8\v3.10\pic\sources\c99\common\doprnt.c: 1022:     i = siz
      +                          eof(dbuf) - 1;
  1473     0577  301F               	movlw	31
  1474     0578  00B6               	movwf	utoa@i
  1475     0579  3000               	movlw	0
  1476     057A  00B7               	movwf	utoa@i+1
  1477     057B                     l1168:
  1478                           
  1479                           ;C:\Program Files\Microchip\xc8\v3.10\pic\sources\c99\common\doprnt.c: 1023:     dbuf[i]
      +                           = '\0';
  1480     057B  1683               	bsf	3,5	;RP0=1, select bank1
  1481     057C  1303               	bcf	3,6	;RP1=0, select bank1
  1482     057D  01C4               	clrf	(_dbuf^(0+128)+31)
  1483                           
  1484                           ;C:\Program Files\Microchip\xc8\v3.10\pic\sources\c99\common\doprnt.c: 1024:     while (
      +                          i && (d != 0
  1485     057E  2DB5               	goto	l1180
  1486     057F                     l1170:
  1487                           
  1488                           ;C:\Program Files\Microchip\xc8\v3.10\pic\sources\c99\common\doprnt.c: 1033:     )) {;C:
      +                          \Program Files\Microchip\xc8\v3.10\pic\sources\c99\common\doprnt.c: 1034:         --i;
  1489     057F  30FF               	movlw	255
  1490     0580  07B6               	addwf	utoa@i,f
  1491     0581  1803               	skipnc
  1492     0582  0AB7               	incf	utoa@i+1,f
  1493     0583  30FF               	movlw	255
  1494     0584  07B7               	addwf	utoa@i+1,f
  1495     0585                     l1172:
  1496                           
  1497                           ;C:\Program Files\Microchip\xc8\v3.10\pic\sources\c99\common\doprnt.c: 1035:         dbu
      +                          f[i] = '0' + (d % 10);
  1498     0585  0836               	movf	utoa@i,w
  1499     0586  3EA5               	addlw	(low (_dbuf| 0))& (0+255)
  1500     0587  0084               	movwf	4
  1501     0588  300A               	movlw	10
  1502     0589  00F0               	movwf	___lwmod@divisor
  1503     058A  3000               	movlw	0
  1504     058B  00F1               	movwf	___lwmod@divisor+1
  1505     058C  0832               	movf	utoa@d+1,w
  1506     058D  00F3               	movwf	___lwmod@dividend+1
  1507     058E  0831               	movf	utoa@d,w
  1508     058F  00F2               	movwf	___lwmod@dividend
  1509     0590  120A  118A  2397  120A  118A  	fcall	___lwmod
  1510     0595  0870               	movf	?___lwmod,w
  1511     0596  3E30               	addlw	48
  1512     0597  1383               	bcf	3,7	;select IRP bank1
  1513     0598  0080               	movwf	0
  1514     0599                     l1174:
  1515                           
  1516                           ;C:\Program Files\Microchip\xc8\v3.10\pic\sources\c99\common\doprnt.c: 1039:   p = 0;
  1517     0599  1283               	bcf	3,5	;RP0=0, select bank0
  1518     059A  1303               	bcf	3,6	;RP1=0, select bank0
  1519     059B  01B5               	clrf	utoa@p
  1520     059C                     l1176:
  1521                           
  1522                           ;C:\Program Files\Microchip\xc8\v3.10\pic\sources\c99\common\doprnt.c: 1041:         --w
      +                          ;
  1523     059C  30FF               	movlw	255
  1524     059D  07B3               	addwf	utoa@w,f
  1525     059E  1803               	skipnc
  1526     059F  0AB4               	incf	utoa@w+1,f
  1527     05A0  30FF               	movlw	255
  1528     05A1  07B4               	addwf	utoa@w+1,f
  1529     05A2                     l1178:
  1530                           
  1531                           ;C:\Program Files\Microchip\xc8\v3.10\pic\sources\c99\common\doprnt.c: 1042:         d =
      +                           d / 10;
  1532     05A2  300A               	movlw	10
  1533     05A3  00F0               	movwf	___lwdiv@divisor
  1534     05A4  3000               	movlw	0
  1535     05A5  00F1               	movwf	___lwdiv@divisor+1
  1536     05A6  0832               	movf	utoa@d+1,w
  1537     05A7  00F3               	movwf	___lwdiv@dividend+1
  1538     05A8  0831               	movf	utoa@d,w
  1539     05A9  00F2               	movwf	___lwdiv@dividend
  1540     05AA  120A  118A  23CF  120A  118A  	fcall	___lwdiv
  1541     05AF  0871               	movf	?___lwdiv+1,w
  1542     05B0  1283               	bcf	3,5	;RP0=0, select bank0
  1543     05B1  1303               	bcf	3,6	;RP1=0, select bank0
  1544     05B2  00B2               	movwf	utoa@d+1
  1545     05B3  0870               	movf	?___lwdiv,w
  1546     05B4  00B1               	movwf	utoa@d
  1547     05B5                     l1180:
  1548                           
  1549                           ;C:\Program Files\Microchip\xc8\v3.10\pic\sources\c99\common\doprnt.c: 1024:     while (
      +                          i && (d != 0
  1550     05B5  1283               	bcf	3,5	;RP0=0, select bank0
  1551     05B6  0836               	movf	utoa@i,w
  1552     05B7  0437               	iorwf	utoa@i+1,w
  1553     05B8  1903               	btfsc	3,2
  1554     05B9  2DBB               	goto	u801
  1555     05BA  2DBC               	goto	u800
  1556     05BB                     u801:
  1557     05BB  2DC7               	goto	l1186
  1558     05BC                     u800:
  1559     05BC                     l1182:
  1560     05BC  0831               	movf	utoa@d,w
  1561     05BD  0432               	iorwf	utoa@d+1,w
  1562     05BE  1D03               	btfss	3,2
  1563     05BF  2DC1               	goto	u811
  1564     05C0  2DC2               	goto	u810
  1565     05C1                     u811:
  1566     05C1  2D7F               	goto	l1170
  1567     05C2                     u810:
  1568     05C2                     l1184:
  1569     05C2  0835               	movf	utoa@p,w
  1570     05C3  1D03               	btfss	3,2
  1571     05C4  2DC6               	goto	u821
  1572     05C5  2DC7               	goto	u820
  1573     05C6                     u821:
  1574     05C6  2D7F               	goto	l1170
  1575     05C7                     u820:
  1576     05C7                     l1186:
  1577                           
  1578                           ;C:\Program Files\Microchip\xc8\v3.10\pic\sources\c99\common\doprnt.c: 1046:     return 
      +                          (void) pad(fp, &dbuf[i], w);
  1579     05C7  082F               	movf	utoa@fp,w
  1580     05C8  00A8               	movwf	pad@fp
  1581     05C9  0830               	movf	utoa@fp+1,w
  1582     05CA  00A9               	movwf	pad@fp+1
  1583     05CB  0836               	movf	utoa@i,w
  1584     05CC  3EA5               	addlw	(low (_dbuf| 0))& (0+255)
  1585     05CD  00AA               	movwf	pad@buf
  1586     05CE  0834               	movf	utoa@w+1,w
  1587     05CF  00AC               	movwf	pad@p+1
  1588     05D0  0833               	movf	utoa@w,w
  1589     05D1  00AB               	movwf	pad@p
  1590     05D2  120A  118A  24AA  120A  118A  	fcall	_pad
  1591     05D7                     l658:
  1592     05D7  0008               	return
  1593     05D8                     __end_of_utoa:
  1594                           
  1595                           	psect	text5
  1596     04AA                     __ptext5:	
  1597 ;; *************** function _pad *****************
  1598 ;; Defined at:
  1599 ;;		line 193 in file "C:\Program Files\Microchip\xc8\v3.10\pic\sources\c99\common\doprnt.c"
  1600 ;; Parameters:    Size  Location     Type
  1601 ;;  fp              2    8[BANK0 ] PTR struct _IO_FILE
  1602 ;;		 -> sprintf@f(11), 
  1603 ;;  buf             1   10[BANK0 ] PTR unsigned char 
  1604 ;;		 -> dbuf(32), 
  1605 ;;  p               2   11[BANK0 ] int 
  1606 ;; Auto vars:     Size  Location     Type
  1607 ;;  i               2   13[BANK0 ] int 
  1608 ;; Return value:  Size  Location     Type
  1609 ;;                  1    wreg      void 
  1610 ;; Registers used:
  1611 ;;		wreg, fsr0l, fsr0h, status,2, status,0, pclath, cstack
  1612 ;; Tracked objects:
  1613 ;;		On entry : 0/0
  1614 ;;		On exit  : 0/0
  1615 ;;		Unchanged: 0/0
  1616 ;; Data sizes:     COMMON   BANK0   BANK1   BANK3   BANK2
  1617 ;;      Params:         0       5       0       0       0
  1618 ;;      Locals:         0       2       0       0       0
  1619 ;;      Temps:          1       0       0       0       0
  1620 ;;      Totals:         1       7       0       0       0
  1621 ;;Total ram usage:        8 bytes
  1622 ;; Hardware stack levels used: 1
  1623 ;; Hardware stack levels required when called: 2
  1624 ;; This function calls:
  1625 ;;		_fputc
  1626 ;;		_fputs
  1627 ;; This function is called by:
  1628 ;;		_utoa
  1629 ;; This function uses a non-reentrant model
  1630 ;;
  1631                           
  1632     04AA                     _pad:	
  1633                           ;psect for function _pad
  1634                           
  1635     04AA                     l1148:	
  1636                           ;incstack = 0
  1637                           ; Regs used in _pad: [wreg-fsr0h+status,2+status,0+pclath+cstack]
  1638                           
  1639                           
  1640                           ;C:\Program Files\Microchip\xc8\v3.10\pic\sources\c99\common\doprnt.c: 193: static void 
      +                          pad(FILE *fp, char *buf, int p);C:\Program Files\Microchip\xc8\v3.10\pic\sources\c99\com
      +                          mon\doprnt.c: 194: {;C:\Program Files\Microchip\xc8\v3.10\pic\sources\c99\common\doprnt.
      +                          c: 195:     int i;;C:\Program Files\Microchip\xc8\v3.10\pic\sources\c99\common\doprnt.c:
      +                           199:     if (flags & (1 << 0)) {
  1641     04AA  1683               	bsf	3,5	;RP0=1, select bank1
  1642     04AB  1303               	bcf	3,6	;RP1=0, select bank1
  1643     04AC  1C24               	btfss	_flags^(0+128),0
  1644     04AD  2CAF               	goto	u761
  1645     04AE  2CB0               	goto	u760
  1646     04AF                     u761:
  1647     04AF  2CBD               	goto	l1152
  1648     04B0                     u760:
  1649     04B0                     l1150:
  1650                           
  1651                           ;C:\Program Files\Microchip\xc8\v3.10\pic\sources\c99\common\doprnt.c: 200:         fput
      +                          s((const char *)buf, fp);
  1652     04B0  1283               	bcf	3,5	;RP0=0, select bank0
  1653     04B1  1303               	bcf	3,6	;RP1=0, select bank0
  1654     04B2  082A               	movf	pad@buf,w
  1655     04B3  00A0               	movwf	fputs@s
  1656     04B4  0828               	movf	pad@fp,w
  1657     04B5  00A1               	movwf	fputs@fp
  1658     04B6  0829               	movf	pad@fp+1,w
  1659     04B7  00A2               	movwf	fputs@fp+1
  1660     04B8  120A  118A  236C  120A  118A  	fcall	_fputs
  1661     04BD                     l1152:
  1662                           
  1663                           ;C:\Program Files\Microchip\xc8\v3.10\pic\sources\c99\common\doprnt.c: 205:  if (p < 0) 
      +                          {
  1664     04BD  1283               	bcf	3,5	;RP0=0, select bank0
  1665     04BE  1303               	bcf	3,6	;RP1=0, select bank0
  1666     04BF  1FAC               	btfss	pad@p+1,7
  1667     04C0  2CC2               	goto	u771
  1668     04C1  2CC3               	goto	u770
  1669     04C2                     u771:
  1670     04C2  2CC5               	goto	l645
  1671     04C3                     u770:
  1672     04C3                     l1154:
  1673                           
  1674                           ;C:\Program Files\Microchip\xc8\v3.10\pic\sources\c99\common\doprnt.c: 206:   p = 0;
  1675     04C3  01AB               	clrf	pad@p
  1676     04C4  01AC               	clrf	pad@p+1
  1677     04C5                     l645:	
  1678                           ;C:\Program Files\Microchip\xc8\v3.10\pic\sources\c99\common\doprnt.c: 207:  }
  1679                           
  1680                           
  1681                           ;C:\Program Files\Microchip\xc8\v3.10\pic\sources\c99\common\doprnt.c: 208:     i = 0;
  1682     04C5  01AD               	clrf	pad@i
  1683     04C6  01AE               	clrf	pad@i+1
  1684                           
  1685                           ;C:\Program Files\Microchip\xc8\v3.10\pic\sources\c99\common\doprnt.c: 209:     while (i
      +                           < p) {
  1686     04C7  2CDF               	goto	l1160
  1687     04C8                     l1156:
  1688                           
  1689                           ;C:\Program Files\Microchip\xc8\v3.10\pic\sources\c99\common\doprnt.c: 210:         fput
      +                          c(' ', fp);
  1690     04C8  3020               	movlw	32
  1691     04C9  00F0               	movwf	fputc@c
  1692     04CA  3000               	movlw	0
  1693     04CB  00F1               	movwf	fputc@c+1
  1694     04CC  1283               	bcf	3,5	;RP0=0, select bank0
  1695     04CD  1303               	bcf	3,6	;RP1=0, select bank0
  1696     04CE  0828               	movf	pad@fp,w
  1697     04CF  00F2               	movwf	fputc@fp
  1698     04D0  0829               	movf	pad@fp+1,w
  1699     04D1  00F3               	movwf	fputc@fp+1
  1700     04D2  120A  118A  25D8  120A  118A  	fcall	_fputc
  1701     04D7                     l1158:
  1702                           
  1703                           ;C:\Program Files\Microchip\xc8\v3.10\pic\sources\c99\common\doprnt.c: 211:         ++i;
  1704     04D7  3001               	movlw	1
  1705     04D8  1283               	bcf	3,5	;RP0=0, select bank0
  1706     04D9  1303               	bcf	3,6	;RP1=0, select bank0
  1707     04DA  07AD               	addwf	pad@i,f
  1708     04DB  1803               	skipnc
  1709     04DC  0AAE               	incf	pad@i+1,f
  1710     04DD  3000               	movlw	0
  1711     04DE  07AE               	addwf	pad@i+1,f
  1712     04DF                     l1160:
  1713                           
  1714                           ;C:\Program Files\Microchip\xc8\v3.10\pic\sources\c99\common\doprnt.c: 209:     while (i
      +                           < p) {
  1715     04DF  082E               	movf	pad@i+1,w
  1716     04E0  3A80               	xorlw	128
  1717     04E1  00FD               	movwf	??_pad
  1718     04E2  082C               	movf	pad@p+1,w
  1719     04E3  3A80               	xorlw	128
  1720     04E4  027D               	subwf	??_pad,w
  1721     04E5  1D03               	skipz
  1722     04E6  2CE9               	goto	u785
  1723     04E7  082B               	movf	pad@p,w
  1724     04E8  022D               	subwf	pad@i,w
  1725     04E9                     u785:
  1726     04E9  1C03               	skipc
  1727     04EA  2CEC               	goto	u781
  1728     04EB  2CED               	goto	u780
  1729     04EC                     u781:
  1730     04EC  2CC8               	goto	l1156
  1731     04ED                     u780:
  1732     04ED                     l648:
  1733                           
  1734                           ;C:\Program Files\Microchip\xc8\v3.10\pic\sources\c99\common\doprnt.c: 216:     if (!(fl
      +                          ags & (1 << 0))) {
  1735     04ED  1683               	bsf	3,5	;RP0=1, select bank1
  1736     04EE  1303               	bcf	3,6	;RP1=0, select bank1
  1737     04EF  1824               	btfsc	_flags^(0+128),0
  1738     04F0  2CF2               	goto	u791
  1739     04F1  2CF3               	goto	u790
  1740     04F2                     u791:
  1741     04F2  2D00               	goto	l650
  1742     04F3                     u790:
  1743     04F3                     l1162:
  1744                           
  1745                           ;C:\Program Files\Microchip\xc8\v3.10\pic\sources\c99\common\doprnt.c: 218:         fput
      +                          s((const char *)buf, fp);
  1746     04F3  1283               	bcf	3,5	;RP0=0, select bank0
  1747     04F4  1303               	bcf	3,6	;RP1=0, select bank0
  1748     04F5  082A               	movf	pad@buf,w
  1749     04F6  00A0               	movwf	fputs@s
  1750     04F7  0828               	movf	pad@fp,w
  1751     04F8  00A1               	movwf	fputs@fp
  1752     04F9  0829               	movf	pad@fp+1,w
  1753     04FA  00A2               	movwf	fputs@fp+1
  1754     04FB  120A  118A  236C  120A  118A  	fcall	_fputs
  1755     0500                     l650:
  1756     0500  0008               	return
  1757     0501                     __end_of_pad:
  1758                           
  1759                           	psect	text6
  1760     036C                     __ptext6:	
  1761 ;; *************** function _fputs *****************
  1762 ;; Defined at:
  1763 ;;		line 8 in file "C:\Program Files\Microchip\xc8\v3.10\pic\sources\c99\common\nf_fputs.c"
  1764 ;; Parameters:    Size  Location     Type
  1765 ;;  s               1    0[BANK0 ] PTR const unsigned char 
  1766 ;;		 -> dbuf(32), 
  1767 ;;  fp              2    1[BANK0 ] PTR struct _IO_FILE
  1768 ;;		 -> sprintf@f(11), 
  1769 ;; Auto vars:     Size  Location     Type
  1770 ;;  i               2    6[BANK0 ] int 
  1771 ;;  c               1    5[BANK0 ] unsigned char 
  1772 ;; Return value:  Size  Location     Type
  1773 ;;                  2    0[BANK0 ] int 
  1774 ;; Registers used:
  1775 ;;		wreg, fsr0l, fsr0h, status,2, status,0, pclath, cstack
  1776 ;; Tracked objects:
  1777 ;;		On entry : 0/0
  1778 ;;		On exit  : 0/0
  1779 ;;		Unchanged: 0/0
  1780 ;; Data sizes:     COMMON   BANK0   BANK1   BANK3   BANK2
  1781 ;;      Params:         0       3       0       0       0
  1782 ;;      Locals:         0       3       0       0       0
  1783 ;;      Temps:          0       2       0       0       0
  1784 ;;      Totals:         0       8       0       0       0
  1785 ;;Total ram usage:        8 bytes
  1786 ;; Hardware stack levels used: 1
  1787 ;; Hardware stack levels required when called: 1
  1788 ;; This function calls:
  1789 ;;		_fputc
  1790 ;; This function is called by:
  1791 ;;		_pad
  1792 ;; This function uses a non-reentrant model
  1793 ;;
  1794                           
  1795     036C                     _fputs:	
  1796                           ;psect for function _fputs
  1797                           
  1798     036C                     l1078:	
  1799                           ;incstack = 0
  1800                           ; Regs used in _fputs: [wreg-fsr0h+status,2+status,0+pclath+cstack]
  1801                           
  1802     036C  1283               	bcf	3,5	;RP0=0, select bank0
  1803     036D  1303               	bcf	3,6	;RP1=0, select bank0
  1804     036E  01A6               	clrf	fputs@i
  1805     036F  01A7               	clrf	fputs@i+1
  1806     0370  2B89               	goto	l1084
  1807     0371                     l1080:
  1808     0371  0825               	movf	fputs@c,w
  1809     0372  00A3               	movwf	??_fputs
  1810     0373  01A4               	clrf	??_fputs+1
  1811     0374  0823               	movf	??_fputs,w
  1812     0375  00F0               	movwf	fputc@c
  1813     0376  0824               	movf	??_fputs+1,w
  1814     0377  00F1               	movwf	fputc@c+1
  1815     0378  0821               	movf	fputs@fp,w
  1816     0379  00F2               	movwf	fputc@fp
  1817     037A  0822               	movf	fputs@fp+1,w
  1818     037B  00F3               	movwf	fputc@fp+1
  1819     037C  120A  118A  25D8  120A  118A  	fcall	_fputc
  1820     0381                     l1082:
  1821     0381  3001               	movlw	1
  1822     0382  1283               	bcf	3,5	;RP0=0, select bank0
  1823     0383  1303               	bcf	3,6	;RP1=0, select bank0
  1824     0384  07A6               	addwf	fputs@i,f
  1825     0385  1803               	skipnc
  1826     0386  0AA7               	incf	fputs@i+1,f
  1827     0387  3000               	movlw	0
  1828     0388  07A7               	addwf	fputs@i+1,f
  1829     0389                     l1084:
  1830     0389  0826               	movf	fputs@i,w
  1831     038A  0720               	addwf	fputs@s,w
  1832     038B  00A3               	movwf	??_fputs
  1833     038C  0823               	movf	??_fputs,w
  1834     038D  0084               	movwf	4
  1835     038E  1383               	bcf	3,7	;select IRP bank0
  1836     038F  0800               	movf	0,w
  1837     0390  00A5               	movwf	fputs@c
  1838     0391  0825               	movf	fputs@c,w
  1839     0392  1D03               	btfss	3,2
  1840     0393  2B95               	goto	u581
  1841     0394  2B96               	goto	u580
  1842     0395                     u581:
  1843     0395  2B71               	goto	l1080
  1844     0396                     u580:
  1845     0396                     l703:
  1846     0396  0008               	return
  1847     0397                     __end_of_fputs:
  1848                           
  1849                           	psect	text7
  1850     05D8                     __ptext7:	
  1851 ;; *************** function _fputc *****************
  1852 ;; Defined at:
  1853 ;;		line 8 in file "C:\Program Files\Microchip\xc8\v3.10\pic\sources\c99\common\nf_fputc.c"
  1854 ;; Parameters:    Size  Location     Type
  1855 ;;  c               2    0[COMMON] int 
  1856 ;;  fp              2    2[COMMON] PTR struct _IO_FILE
  1857 ;;		 -> sprintf@f(11), 
  1858 ;; Auto vars:     Size  Location     Type
  1859 ;;		None
  1860 ;; Return value:  Size  Location     Type
  1861 ;;                  2    0[COMMON] int 
  1862 ;; Registers used:
  1863 ;;		wreg, fsr0l, fsr0h, status,2, status,0, pclath, cstack
  1864 ;; Tracked objects:
  1865 ;;		On entry : 0/0
  1866 ;;		On exit  : 0/0
  1867 ;;		Unchanged: 0/0
  1868 ;; Data sizes:     COMMON   BANK0   BANK1   BANK3   BANK2
  1869 ;;      Params:         4       0       0       0       0
  1870 ;;      Locals:         0       0       0       0       0
  1871 ;;      Temps:          9       0       0       0       0
  1872 ;;      Totals:        13       0       0       0       0
  1873 ;;Total ram usage:       13 bytes
  1874 ;; Hardware stack levels used: 1
  1875 ;; This function calls:
  1876 ;;		_putch
  1877 ;; This function is called by:
  1878 ;;		_pad
  1879 ;;		_vfpfcnvrt
  1880 ;;		_fputs
  1881 ;; This function uses a non-reentrant model
  1882 ;;
  1883                           
  1884     05D8                     _fputc:	
  1885                           ;psect for function _fputc
  1886                           
  1887     05D8                     l1064:	
  1888                           ;incstack = 0
  1889                           ; Regs used in _fputc: [wreg-fsr0h+status,2+status,0+pclath+cstack]
  1890                           
  1891     05D8  0872               	movf	fputc@fp,w
  1892     05D9  0473               	iorwf	fputc@fp+1,w
  1893     05DA  1903               	btfsc	3,2
  1894     05DB  2DDD               	goto	u531
  1895     05DC  2DDE               	goto	u530
  1896     05DD                     u531:
  1897     05DD  2DE4               	goto	l1068
  1898     05DE                     u530:
  1899     05DE                     l1066:
  1900     05DE  0872               	movf	fputc@fp,w
  1901     05DF  0473               	iorwf	fputc@fp+1,w
  1902     05E0  1D03               	btfss	3,2
  1903     05E1  2DE3               	goto	u541
  1904     05E2  2DE4               	goto	u540
  1905     05E3                     u541:
  1906     05E3  2DEB               	goto	l1070
  1907     05E4                     u540:
  1908     05E4                     l1068:
  1909     05E4  0870               	movf	fputc@c,w
  1910     05E5  120A  118A  2220  120A  118A  	fcall	_putch
  1911     05EA  2E71               	goto	l695
  1912     05EB                     l1070:
  1913     05EB  0872               	movf	fputc@fp,w
  1914     05EC  3E09               	addlw	9
  1915     05ED  00F4               	movwf	??_fputc
  1916     05EE  0873               	movf	fputc@fp+1,w
  1917     05EF  1803               	skipnc
  1918     05F0  3E01               	addlw	1
  1919     05F1  3E00               	addlw	0
  1920     05F2  00F5               	movwf	??_fputc+1
  1921     05F3  0874               	movf	??_fputc,w
  1922     05F4  0084               	movwf	4
  1923     05F5  1783               	bsf	3,7
  1924     05F6  1C75               	btfss	??_fputc+1,0
  1925     05F7  1383               	bcf	3,7
  1926     05F8  0800               	movf	0,w
  1927     05F9  00F6               	movwf	??_fputc+2
  1928     05FA  0A84               	incf	4,f
  1929     05FB  0800               	movf	0,w
  1930     05FC  00F7               	movwf	??_fputc+3
  1931     05FD  0876               	movf	??_fputc+2,w
  1932     05FE  0477               	iorwf	??_fputc+3,w
  1933     05FF  1903               	btfsc	3,2
  1934     0600  2E02               	goto	u551
  1935     0601  2E03               	goto	u550
  1936     0602                     u551:
  1937     0602  2E35               	goto	l1074
  1938     0603                     u550:
  1939     0603                     l1072:
  1940     0603  0872               	movf	fputc@fp,w
  1941     0604  3E09               	addlw	9
  1942     0605  00F4               	movwf	??_fputc
  1943     0606  0873               	movf	fputc@fp+1,w
  1944     0607  1803               	skipnc
  1945     0608  3E01               	addlw	1
  1946     0609  3E00               	addlw	0
  1947     060A  00F5               	movwf	??_fputc+1
  1948     060B  0874               	movf	??_fputc,w
  1949     060C  0084               	movwf	4
  1950     060D  1783               	bsf	3,7
  1951     060E  1C75               	btfss	??_fputc+1,0
  1952     060F  1383               	bcf	3,7
  1953     0610  0800               	movf	0,w
  1954     0611  00F6               	movwf	??_fputc+2
  1955     0612  0A84               	incf	4,f
  1956     0613  0800               	movf	0,w
  1957     0614  00F7               	movwf	??_fputc+3
  1958     0615  0872               	movf	fputc@fp,w
  1959     0616  3E02               	addlw	2
  1960     0617  00F8               	movwf	??_fputc+4
  1961     0618  0873               	movf	fputc@fp+1,w
  1962     0619  1803               	skipnc
  1963     061A  3E01               	addlw	1
  1964     061B  3E00               	addlw	0
  1965     061C  00F9               	movwf	??_fputc+5
  1966     061D  0878               	movf	??_fputc+4,w
  1967     061E  0084               	movwf	4
  1968     061F  1783               	bsf	3,7
  1969     0620  1C79               	btfss	??_fputc+5,0
  1970     0621  1383               	bcf	3,7
  1971     0622  0800               	movf	0,w
  1972     0623  00FA               	movwf	??_fputc+6
  1973     0624  0A84               	incf	4,f
  1974     0625  0800               	movf	0,w
  1975     0626  00FB               	movwf	??_fputc+7
  1976     0627  087B               	movf	??_fputc+7,w
  1977     0628  3A80               	xorlw	128
  1978     0629  00FC               	movwf	??_fputc+8
  1979     062A  0877               	movf	??_fputc+3,w
  1980     062B  3A80               	xorlw	128
  1981     062C  027C               	subwf	??_fputc+8,w
  1982     062D  1D03               	skipz
  1983     062E  2E31               	goto	u565
  1984     062F  0876               	movf	??_fputc+2,w
  1985     0630  027A               	subwf	??_fputc+6,w
  1986     0631                     u565:
  1987     0631  1803               	skipnc
  1988     0632  2E34               	goto	u561
  1989     0633  2E35               	goto	u560
  1990     0634                     u561:
  1991     0634  2E71               	goto	l695
  1992     0635                     u560:
  1993     0635                     l1074:
  1994     0635  0872               	movf	fputc@fp,w
  1995     0636  0084               	movwf	4
  1996     0637  1783               	bsf	3,7
  1997     0638  1C73               	btfss	fputc@fp+1,0
  1998     0639  1383               	bcf	3,7
  1999     063A  0800               	movf	0,w
  2000     063B  00F4               	movwf	??_fputc
  2001     063C  0A84               	incf	4,f
  2002     063D  0800               	movf	0,w
  2003     063E  00F5               	movwf	??_fputc+1
  2004     063F  0872               	movf	fputc@fp,w
  2005     0640  3E02               	addlw	2
  2006     0641  00F6               	movwf	??_fputc+2
  2007     0642  0873               	movf	fputc@fp+1,w
  2008     0643  1803               	skipnc
  2009     0644  3E01               	addlw	1
  2010     0645  3E00               	addlw	0
  2011     0646  00F7               	movwf	??_fputc+3
  2012     0647  0876               	movf	??_fputc+2,w
  2013     0648  0084               	movwf	4
  2014     0649  1783               	bsf	3,7
  2015     064A  1C77               	btfss	??_fputc+3,0
  2016     064B  1383               	bcf	3,7
  2017     064C  0800               	movf	0,w
  2018     064D  0774               	addwf	??_fputc,w
  2019     064E  00F9               	movwf	??_fputc+5
  2020     064F  0875               	movf	??_fputc+1,w
  2021     0650  00F8               	movwf	??_fputc+4
  2022     0651  1803               	skipnc
  2023     0652  0AF8               	incf	??_fputc+4,f
  2024     0653  1F80               	btfss	0,7
  2025     0654  2E56               	goto	u570
  2026     0655  03F8               	decf	??_fputc+4,f
  2027     0656                     u570:
  2028     0656  0878               	movf	??_fputc+4,w
  2029     0657  00FA               	movwf	??_fputc+6
  2030     0658  0879               	movf	??_fputc+5,w
  2031     0659  0084               	movwf	4
  2032     065A  1783               	bsf	3,7
  2033     065B  1C7A               	btfss	??_fputc+6,0
  2034     065C  1383               	bcf	3,7
  2035     065D  0870               	movf	fputc@c,w
  2036     065E  0080               	movwf	0
  2037     065F  0872               	movf	fputc@fp,w
  2038     0660  3E02               	addlw	2
  2039     0661  00F4               	movwf	??_fputc
  2040     0662  0873               	movf	fputc@fp+1,w
  2041     0663  1803               	skipnc
  2042     0664  3E01               	addlw	1
  2043     0665  3E00               	addlw	0
  2044     0666  00F5               	movwf	??_fputc+1
  2045     0667  0874               	movf	??_fputc,w
  2046     0668  0084               	movwf	4
  2047     0669  1783               	bsf	3,7
  2048     066A  1C75               	btfss	??_fputc+1,0
  2049     066B  1383               	bcf	3,7
  2050     066C  3001               	movlw	1
  2051     066D  0780               	addwf	0,f
  2052     066E  0A84               	incf	4,f
  2053     066F  1803               	skipnc
  2054     0670  0A80               	incf	0,f
  2055     0671                     l695:
  2056     0671  0008               	return
  2057     0672                     __end_of_fputc:
  2058                           
  2059                           	psect	text8
  2060     0220                     __ptext8:	
  2061 ;; *************** function _putch *****************
  2062 ;; Defined at:
  2063 ;;		line 7 in file "C:\Program Files\Microchip\xc8\v3.10\pic\sources\c99\common\putch.c"
  2064 ;; Parameters:    Size  Location     Type
  2065 ;;  c               1    wreg     unsigned char 
  2066 ;; Auto vars:     Size  Location     Type
  2067 ;;  c               1    0[COMMON] unsigned char 
  2068 ;; Return value:  Size  Location     Type
  2069 ;;                  1    wreg      void 
  2070 ;; Registers used:
  2071 ;;		wreg
  2072 ;; Tracked objects:
  2073 ;;		On entry : 0/0
  2074 ;;		On exit  : 0/0
  2075 ;;		Unchanged: 0/0
  2076 ;; Data sizes:     COMMON   BANK0   BANK1   BANK3   BANK2
  2077 ;;      Params:         0       0       0       0       0
  2078 ;;      Locals:         0       0       0       0       0
  2079 ;;      Temps:          0       0       0       0       0
  2080 ;;      Totals:         0       0       0       0       0
  2081 ;;Total ram usage:        0 bytes
  2082 ;; Hardware stack levels used: 1
  2083 ;; This function calls:
  2084 ;;		Nothing
  2085 ;; This function is called by:
  2086 ;;		_fputc
  2087 ;; This function uses a non-reentrant model
  2088 ;;
  2089                           
  2090     0220                     _putch:	
  2091                           ;psect for function _putch
  2092                           
  2093     0220                     l706:	
  2094                           ;incstack = 0
  2095                           ; Regs used in _putch: [wreg]
  2096                           
  2097     0220  0008               	return
  2098     0221                     __end_of_putch:
  2099                           
  2100                           	psect	text9
  2101     0397                     __ptext9:	
  2102 ;; *************** function ___lwmod *****************
  2103 ;; Defined at:
  2104 ;;		line 5 in file "C:\Program Files\Microchip\xc8\v3.10\pic\sources\c99\common\lwmod.c"
  2105 ;; Parameters:    Size  Location     Type
  2106 ;;  divisor         2    0[COMMON] unsigned int 
  2107 ;;  dividend        2    2[COMMON] unsigned int 
  2108 ;; Auto vars:     Size  Location     Type
  2109 ;;  counter         1    4[COMMON] unsigned char 
  2110 ;; Return value:  Size  Location     Type
  2111 ;;                  2    0[COMMON] unsigned int 
  2112 ;; Registers used:
  2113 ;;		wreg, status,2, status,0
  2114 ;; Tracked objects:
  2115 ;;		On entry : 0/0
  2116 ;;		On exit  : 0/0
  2117 ;;		Unchanged: 0/0
  2118 ;; Data sizes:     COMMON   BANK0   BANK1   BANK3   BANK2
  2119 ;;      Params:         4       0       0       0       0
  2120 ;;      Locals:         1       0       0       0       0
  2121 ;;      Temps:          0       0       0       0       0
  2122 ;;      Totals:         5       0       0       0       0
  2123 ;;Total ram usage:        5 bytes
  2124 ;; Hardware stack levels used: 1
  2125 ;; This function calls:
  2126 ;;		Nothing
  2127 ;; This function is called by:
  2128 ;;		_utoa
  2129 ;; This function uses a non-reentrant model
  2130 ;;
  2131                           
  2132     0397                     ___lwmod:	
  2133                           ;psect for function ___lwmod
  2134                           
  2135     0397                     l1126:	
  2136                           ;incstack = 0
  2137                           ; Regs used in ___lwmod: [wreg+status,2+status,0]
  2138                           
  2139     0397  0870               	movf	___lwmod@divisor,w
  2140     0398  0471               	iorwf	___lwmod@divisor+1,w
  2141     0399  1903               	btfsc	3,2
  2142     039A  2B9C               	goto	u701
  2143     039B  2B9D               	goto	u700
  2144     039C                     u701:
  2145     039C  2BCA               	goto	l1144
  2146     039D                     u700:
  2147     039D                     l1128:
  2148     039D  3001               	movlw	1
  2149     039E  00F4               	movwf	___lwmod@counter
  2150     039F  2BA9               	goto	l1134
  2151     03A0                     l1130:
  2152     03A0  3001               	movlw	1
  2153     03A1                     u715:
  2154     03A1  1003               	clrc
  2155     03A2  0DF0               	rlf	___lwmod@divisor,f
  2156     03A3  0DF1               	rlf	___lwmod@divisor+1,f
  2157     03A4  3EFF               	addlw	-1
  2158     03A5  1D03               	skipz
  2159     03A6  2BA1               	goto	u715
  2160     03A7                     l1132:
  2161     03A7  3001               	movlw	1
  2162     03A8  07F4               	addwf	___lwmod@counter,f
  2163     03A9                     l1134:
  2164     03A9  1FF1               	btfss	___lwmod@divisor+1,7
  2165     03AA  2BAC               	goto	u721
  2166     03AB  2BAD               	goto	u720
  2167     03AC                     u721:
  2168     03AC  2BA0               	goto	l1130
  2169     03AD                     u720:
  2170     03AD                     l1136:
  2171     03AD  0871               	movf	___lwmod@divisor+1,w
  2172     03AE  0273               	subwf	___lwmod@dividend+1,w
  2173     03AF  1D03               	skipz
  2174     03B0  2BB3               	goto	u735
  2175     03B1  0870               	movf	___lwmod@divisor,w
  2176     03B2  0272               	subwf	___lwmod@dividend,w
  2177     03B3                     u735:
  2178     03B3  1C03               	skipc
  2179     03B4  2BB6               	goto	u731
  2180     03B5  2BB7               	goto	u730
  2181     03B6                     u731:
  2182     03B6  2BBD               	goto	l1140
  2183     03B7                     u730:
  2184     03B7                     l1138:
  2185     03B7  0870               	movf	___lwmod@divisor,w
  2186     03B8  02F2               	subwf	___lwmod@dividend,f
  2187     03B9  0871               	movf	___lwmod@divisor+1,w
  2188     03BA  1C03               	skipc
  2189     03BB  03F3               	decf	___lwmod@dividend+1,f
  2190     03BC  02F3               	subwf	___lwmod@dividend+1,f
  2191     03BD                     l1140:
  2192     03BD  3001               	movlw	1
  2193     03BE                     u745:
  2194     03BE  1003               	clrc
  2195     03BF  0CF1               	rrf	___lwmod@divisor+1,f
  2196     03C0  0CF0               	rrf	___lwmod@divisor,f
  2197     03C1  3EFF               	addlw	-1
  2198     03C2  1D03               	skipz
  2199     03C3  2BBE               	goto	u745
  2200     03C4                     l1142:
  2201     03C4  3001               	movlw	1
  2202     03C5  02F4               	subwf	___lwmod@counter,f
  2203     03C6  1D03               	btfss	3,2
  2204     03C7  2BC9               	goto	u751
  2205     03C8  2BCA               	goto	u750
  2206     03C9                     u751:
  2207     03C9  2BAD               	goto	l1136
  2208     03CA                     u750:
  2209     03CA                     l1144:
  2210     03CA  0873               	movf	___lwmod@dividend+1,w
  2211     03CB  00F1               	movwf	?___lwmod+1
  2212     03CC  0872               	movf	___lwmod@dividend,w
  2213     03CD  00F0               	movwf	?___lwmod
  2214     03CE                     l454:
  2215     03CE  0008               	return
  2216     03CF                     __end_of___lwmod:
  2217                           
  2218                           	psect	text10
  2219     03CF                     __ptext10:	
  2220 ;; *************** function ___lwdiv *****************
  2221 ;; Defined at:
  2222 ;;		line 5 in file "C:\Program Files\Microchip\xc8\v3.10\pic\sources\c99\common\lwdiv.c"
  2223 ;; Parameters:    Size  Location     Type
  2224 ;;  divisor         2    0[COMMON] unsigned int 
  2225 ;;  dividend        2    2[COMMON] unsigned int 
  2226 ;; Auto vars:     Size  Location     Type
  2227 ;;  quotient        2    4[COMMON] unsigned int 
  2228 ;;  counter         1    6[COMMON] unsigned char 
  2229 ;; Return value:  Size  Location     Type
  2230 ;;                  2    0[COMMON] unsigned int 
  2231 ;; Registers used:
  2232 ;;		wreg, status,2, status,0
  2233 ;; Tracked objects:
  2234 ;;		On entry : 0/0
  2235 ;;		On exit  : 0/0
  2236 ;;		Unchanged: 0/0
  2237 ;; Data sizes:     COMMON   BANK0   BANK1   BANK3   BANK2
  2238 ;;      Params:         4       0       0       0       0
  2239 ;;      Locals:         3       0       0       0       0
  2240 ;;      Temps:          0       0       0       0       0
  2241 ;;      Totals:         7       0       0       0       0
  2242 ;;Total ram usage:        7 bytes
  2243 ;; Hardware stack levels used: 1
  2244 ;; This function calls:
  2245 ;;		Nothing
  2246 ;; This function is called by:
  2247 ;;		_utoa
  2248 ;; This function uses a non-reentrant model
  2249 ;;
  2250                           
  2251     03CF                     ___lwdiv:	
  2252                           ;psect for function ___lwdiv
  2253                           
  2254     03CF                     l1100:	
  2255                           ;incstack = 0
  2256                           ; Regs used in ___lwdiv: [wreg+status,2+status,0]
  2257                           
  2258     03CF  01F4               	clrf	___lwdiv@quotient
  2259     03D0  01F5               	clrf	___lwdiv@quotient+1
  2260     03D1                     l1102:
  2261     03D1  0870               	movf	___lwdiv@divisor,w
  2262     03D2  0471               	iorwf	___lwdiv@divisor+1,w
  2263     03D3  1903               	btfsc	3,2
  2264     03D4  2BD6               	goto	u631
  2265     03D5  2BD7               	goto	u630
  2266     03D6                     u631:
  2267     03D6  2C0C               	goto	l1122
  2268     03D7                     u630:
  2269     03D7                     l1104:
  2270     03D7  3001               	movlw	1
  2271     03D8  00F6               	movwf	___lwdiv@counter
  2272     03D9  2BE3               	goto	l1110
  2273     03DA                     l1106:
  2274     03DA  3001               	movlw	1
  2275     03DB                     u645:
  2276     03DB  1003               	clrc
  2277     03DC  0DF0               	rlf	___lwdiv@divisor,f
  2278     03DD  0DF1               	rlf	___lwdiv@divisor+1,f
  2279     03DE  3EFF               	addlw	-1
  2280     03DF  1D03               	skipz
  2281     03E0  2BDB               	goto	u645
  2282     03E1                     l1108:
  2283     03E1  3001               	movlw	1
  2284     03E2  07F6               	addwf	___lwdiv@counter,f
  2285     03E3                     l1110:
  2286     03E3  1FF1               	btfss	___lwdiv@divisor+1,7
  2287     03E4  2BE6               	goto	u651
  2288     03E5  2BE7               	goto	u650
  2289     03E6                     u651:
  2290     03E6  2BDA               	goto	l1106
  2291     03E7                     u650:
  2292     03E7                     l1112:
  2293     03E7  3001               	movlw	1
  2294     03E8                     u665:
  2295     03E8  1003               	clrc
  2296     03E9  0DF4               	rlf	___lwdiv@quotient,f
  2297     03EA  0DF5               	rlf	___lwdiv@quotient+1,f
  2298     03EB  3EFF               	addlw	-1
  2299     03EC  1D03               	skipz
  2300     03ED  2BE8               	goto	u665
  2301     03EE  0871               	movf	___lwdiv@divisor+1,w
  2302     03EF  0273               	subwf	___lwdiv@dividend+1,w
  2303     03F0  1D03               	skipz
  2304     03F1  2BF4               	goto	u675
  2305     03F2  0870               	movf	___lwdiv@divisor,w
  2306     03F3  0272               	subwf	___lwdiv@dividend,w
  2307     03F4                     u675:
  2308     03F4  1C03               	skipc
  2309     03F5  2BF7               	goto	u671
  2310     03F6  2BF8               	goto	u670
  2311     03F7                     u671:
  2312     03F7  2BFF               	goto	l1118
  2313     03F8                     u670:
  2314     03F8                     l1114:
  2315     03F8  0870               	movf	___lwdiv@divisor,w
  2316     03F9  02F2               	subwf	___lwdiv@dividend,f
  2317     03FA  0871               	movf	___lwdiv@divisor+1,w
  2318     03FB  1C03               	skipc
  2319     03FC  03F3               	decf	___lwdiv@dividend+1,f
  2320     03FD  02F3               	subwf	___lwdiv@dividend+1,f
  2321     03FE                     l1116:
  2322     03FE  1474               	bsf	___lwdiv@quotient,0
  2323     03FF                     l1118:
  2324     03FF  3001               	movlw	1
  2325     0400                     u685:
  2326     0400  1003               	clrc
  2327     0401  0CF1               	rrf	___lwdiv@divisor+1,f
  2328     0402  0CF0               	rrf	___lwdiv@divisor,f
  2329     0403  3EFF               	addlw	-1
  2330     0404  1D03               	skipz
  2331     0405  2C00               	goto	u685
  2332     0406                     l1120:
  2333     0406  3001               	movlw	1
  2334     0407  02F6               	subwf	___lwdiv@counter,f
  2335     0408  1D03               	btfss	3,2
  2336     0409  2C0B               	goto	u691
  2337     040A  2C0C               	goto	u690
  2338     040B                     u691:
  2339     040B  2BE7               	goto	l1112
  2340     040C                     u690:
  2341     040C                     l1122:
  2342     040C  0875               	movf	___lwdiv@quotient+1,w
  2343     040D  00F1               	movwf	?___lwdiv+1
  2344     040E  0874               	movf	___lwdiv@quotient,w
  2345     040F  00F0               	movwf	?___lwdiv
  2346     0410                     l444:
  2347     0410  0008               	return
  2348     0411                     __end_of___lwdiv:
  2349                           
  2350                           	psect	text11
  2351     0457                     __ptext11:	
  2352 ;; *************** function _read_prec_or_width *****************
  2353 ;; Defined at:
  2354 ;;		line 1158 in file "C:\Program Files\Microchip\xc8\v3.10\pic\sources\c99\common\doprnt.c"
  2355 ;; Parameters:    Size  Location     Type
  2356 ;;  fmt             1    6[COMMON] PTR PTR const unsigned c
  2357 ;;		 -> vfprintf@cfmt(1), 
  2358 ;;  ap              1    7[COMMON] PTR PTR void [1]
  2359 ;;		 -> sprintf@ap(1), 
  2360 ;; Auto vars:     Size  Location     Type
  2361 ;;  c               1    8[COMMON] unsigned char 
  2362 ;;  n               2    9[COMMON] int 
  2363 ;; Return value:  Size  Location     Type
  2364 ;;                  2    6[COMMON] int 
  2365 ;; Registers used:
  2366 ;;		wreg, fsr0l, fsr0h, status,2, status,0, pclath, btemp1, cstack
  2367 ;; Tracked objects:
  2368 ;;		On entry : 0/0
  2369 ;;		On exit  : 0/0
  2370 ;;		Unchanged: 0/0
  2371 ;; Data sizes:     COMMON   BANK0   BANK1   BANK3   BANK2
  2372 ;;      Params:         2       0       0       0       0
  2373 ;;      Locals:         3       0       0       0       0
  2374 ;;      Temps:          0       0       0       0       0
  2375 ;;      Totals:         5       0       0       0       0
  2376 ;;Total ram usage:        5 bytes
  2377 ;; Hardware stack levels used: 1
  2378 ;; Hardware stack levels required when called: 1
  2379 ;; This function calls:
  2380 ;;		___wmul
  2381 ;; This function is called by:
  2382 ;;		_vfpfcnvrt
  2383 ;; This function uses a non-reentrant model
  2384 ;;
  2385                           
  2386     0457                     _read_prec_or_width:	
  2387                           ;psect for function _read_prec_or_width
  2388                           
  2389     0457                     l1190:	
  2390                           ;incstack = 0
  2391                           ; Regs used in _read_prec_or_width: [wreg-fsr0h+status,2+status,0+pclath+btemp1+cstack]
  2392                           
  2393                           
  2394                           ;C:\Program Files\Microchip\xc8\v3.10\pic\sources\c99\common\doprnt.c: 1159:     int n =
      +                           0;
  2395     0457  01F9               	clrf	read_prec_or_width@n
  2396     0458  01FA               	clrf	read_prec_or_width@n+1
  2397     0459                     l1192:
  2398                           
  2399                           ;C:\Program Files\Microchip\xc8\v3.10\pic\sources\c99\common\doprnt.c: 1160:     if ((*f
      +                          mt)[0] == '*') {
  2400     0459  0876               	movf	read_prec_or_width@fmt,w
  2401     045A  0084               	movwf	4
  2402     045B  1383               	bcf	3,7	;select IRP bank0
  2403     045C  0800               	movf	0,w
  2404     045D  0084               	movwf	4
  2405     045E  120A  118A  200D  120A  118A  	fcall	stringdir
  2406     0463  3A2A               	xorlw	42
  2407     0464  1D03               	skipz
  2408     0465  2C67               	goto	u831
  2409     0466  2C68               	goto	u830
  2410     0467                     u831:
  2411     0467  2C94               	goto	l1202
  2412     0468                     u830:
  2413     0468                     l1194:
  2414                           
  2415                           ;C:\Program Files\Microchip\xc8\v3.10\pic\sources\c99\common\doprnt.c: 1161:         ++*
      +                          fmt;
  2416     0468  0876               	movf	read_prec_or_width@fmt,w
  2417     0469  0084               	movwf	4
  2418     046A  3001               	movlw	1
  2419     046B  0780               	addwf	0,f
  2420     046C                     l1196:
  2421                           
  2422                           ;C:\Program Files\Microchip\xc8\v3.10\pic\sources\c99\common\doprnt.c: 1162:         n =
      +                           (*(int *)__va_arg(*(int **)*ap, (int)0));
  2423     046C  0877               	movf	read_prec_or_width@ap,w
  2424     046D  0084               	movwf	4
  2425     046E  0800               	movf	0,w
  2426     046F  00FF               	movwf	btemp1
  2427     0470  3002               	movlw	2
  2428     0471  0780               	addwf	0,f
  2429     0472  087F               	movf	btemp1,w
  2430     0473  0084               	movwf	4
  2431     0474  0800               	movf	0,w
  2432     0475  00F9               	movwf	read_prec_or_width@n
  2433     0476  0A84               	incf	4,f
  2434     0477  0800               	movf	0,w
  2435     0478  00FA               	movwf	read_prec_or_width@n+1
  2436                           
  2437                           ;C:\Program Files\Microchip\xc8\v3.10\pic\sources\c99\common\doprnt.c: 1163:     } else 
      +                          {
  2438     0479  2CA5               	goto	l1204
  2439     047A                     l1198:
  2440                           
  2441                           ;C:\Program Files\Microchip\xc8\v3.10\pic\sources\c99\common\doprnt.c: 1166:            
      +                           n = n * 10 + c;
  2442     047A  087A               	movf	read_prec_or_width@n+1,w
  2443     047B  00F1               	movwf	___wmul@multiplier+1
  2444     047C  0879               	movf	read_prec_or_width@n,w
  2445     047D  00F0               	movwf	___wmul@multiplier
  2446     047E  300A               	movlw	10
  2447     047F  00F2               	movwf	___wmul@multiplicand
  2448     0480  3000               	movlw	0
  2449     0481  00F3               	movwf	___wmul@multiplicand+1
  2450     0482  120A  118A  22CF  120A  118A  	fcall	___wmul
  2451     0487  0878               	movf	read_prec_or_width@c,w
  2452     0488  0770               	addwf	?___wmul,w
  2453     0489  00F9               	movwf	read_prec_or_width@n
  2454     048A  3000               	movlw	0
  2455     048B  1803               	skipnc
  2456     048C  3001               	movlw	1
  2457     048D  0771               	addwf	?___wmul+1,w
  2458     048E  00FA               	movwf	read_prec_or_width@n+1
  2459     048F                     l1200:
  2460                           
  2461                           ;C:\Program Files\Microchip\xc8\v3.10\pic\sources\c99\common\doprnt.c: 1167:            
      +                           ++*fmt;
  2462     048F  0876               	movf	read_prec_or_width@fmt,w
  2463     0490  0084               	movwf	4
  2464     0491  3001               	movlw	1
  2465     0492  1383               	bcf	3,7	;select IRP bank0
  2466     0493  0780               	addwf	0,f
  2467     0494                     l1202:
  2468                           
  2469                           ;C:\Program Files\Microchip\xc8\v3.10\pic\sources\c99\common\doprnt.c: 1165:         whi
      +                          le ((c = ((unsigned)(*fmt)[0]) - '0') < 10) {
  2470     0494  0876               	movf	read_prec_or_width@fmt,w
  2471     0495  0084               	movwf	4
  2472     0496  0800               	movf	0,w
  2473     0497  0084               	movwf	4
  2474     0498  120A  118A  200D  120A  118A  	fcall	stringdir
  2475     049D  3ED0               	addlw	208
  2476     049E  00F8               	movwf	read_prec_or_width@c
  2477     049F  300A               	movlw	10
  2478     04A0  0278               	subwf	read_prec_or_width@c,w
  2479     04A1  1C03               	skipc
  2480     04A2  2CA4               	goto	u841
  2481     04A3  2CA5               	goto	u840
  2482     04A4                     u841:
  2483     04A4  2C7A               	goto	l1198
  2484     04A5                     u840:
  2485     04A5                     l1204:
  2486                           
  2487                           ;C:\Program Files\Microchip\xc8\v3.10\pic\sources\c99\common\doprnt.c: 1170:     return 
      +                          n;
  2488     04A5  087A               	movf	read_prec_or_width@n+1,w
  2489     04A6  00F7               	movwf	?_read_prec_or_width+1
  2490     04A7  0879               	movf	read_prec_or_width@n,w
  2491     04A8  00F6               	movwf	?_read_prec_or_width
  2492     04A9                     l666:
  2493     04A9  0008               	return
  2494     04AA                     __end_of_read_prec_or_width:
  2495                           
  2496                           	psect	text12
  2497     02CF                     __ptext12:	
  2498 ;; *************** function ___wmul *****************
  2499 ;; Defined at:
  2500 ;;		line 15 in file "C:\Program Files\Microchip\xc8\v3.10\pic\sources\c99\common\Umul16.c"
  2501 ;; Parameters:    Size  Location     Type
  2502 ;;  multiplier      2    0[COMMON] unsigned int 
  2503 ;;  multiplicand    2    2[COMMON] unsigned int 
  2504 ;; Auto vars:     Size  Location     Type
  2505 ;;  product         2    4[COMMON] unsigned int 
  2506 ;; Return value:  Size  Location     Type
  2507 ;;                  2    0[COMMON] unsigned int 
  2508 ;; Registers used:
  2509 ;;		wreg, status,2, status,0
  2510 ;; Tracked objects:
  2511 ;;		On entry : 0/0
  2512 ;;		On exit  : 0/0
  2513 ;;		Unchanged: 0/0
  2514 ;; Data sizes:     COMMON   BANK0   BANK1   BANK3   BANK2
  2515 ;;      Params:         4       0       0       0       0
  2516 ;;      Locals:         2       0       0       0       0
  2517 ;;      Temps:          0       0       0       0       0
  2518 ;;      Totals:         6       0       0       0       0
  2519 ;;Total ram usage:        6 bytes
  2520 ;; Hardware stack levels used: 1
  2521 ;; This function calls:
  2522 ;;		Nothing
  2523 ;; This function is called by:
  2524 ;;		_read_prec_or_width
  2525 ;; This function uses a non-reentrant model
  2526 ;;
  2527                           
  2528     02CF                     ___wmul:	
  2529                           ;psect for function ___wmul
  2530                           
  2531     02CF                     l1086:	
  2532                           ;incstack = 0
  2533                           ; Regs used in ___wmul: [wreg+status,2+status,0]
  2534                           
  2535     02CF  01F4               	clrf	___wmul@product
  2536     02D0  01F5               	clrf	___wmul@product+1
  2537     02D1                     l1088:
  2538     02D1  1C70               	btfss	___wmul@multiplier,0
  2539     02D2  2AD4               	goto	u591
  2540     02D3  2AD5               	goto	u590
  2541     02D4                     u591:
  2542     02D4  2ADB               	goto	l164
  2543     02D5                     u590:
  2544     02D5                     l1090:
  2545     02D5  0872               	movf	___wmul@multiplicand,w
  2546     02D6  07F4               	addwf	___wmul@product,f
  2547     02D7  1803               	skipnc
  2548     02D8  0AF5               	incf	___wmul@product+1,f
  2549     02D9  0873               	movf	___wmul@multiplicand+1,w
  2550     02DA  07F5               	addwf	___wmul@product+1,f
  2551     02DB                     l164:
  2552     02DB  3001               	movlw	1
  2553     02DC                     u605:
  2554     02DC  1003               	clrc
  2555     02DD  0DF2               	rlf	___wmul@multiplicand,f
  2556     02DE  0DF3               	rlf	___wmul@multiplicand+1,f
  2557     02DF  3EFF               	addlw	-1
  2558     02E0  1D03               	skipz
  2559     02E1  2ADC               	goto	u605
  2560     02E2                     l1092:
  2561     02E2  3001               	movlw	1
  2562     02E3                     u615:
  2563     02E3  1003               	clrc
  2564     02E4  0CF1               	rrf	___wmul@multiplier+1,f
  2565     02E5  0CF0               	rrf	___wmul@multiplier,f
  2566     02E6  3EFF               	addlw	-1
  2567     02E7  1D03               	skipz
  2568     02E8  2AE3               	goto	u615
  2569     02E9                     l1094:
  2570     02E9  0870               	movf	___wmul@multiplier,w
  2571     02EA  0471               	iorwf	___wmul@multiplier+1,w
  2572     02EB  1D03               	btfss	3,2
  2573     02EC  2AEE               	goto	u621
  2574     02ED  2AEF               	goto	u620
  2575     02EE                     u621:
  2576     02EE  2AD1               	goto	l1088
  2577     02EF                     u620:
  2578     02EF                     l1096:
  2579     02EF  0875               	movf	___wmul@product+1,w
  2580     02F0  00F1               	movwf	?___wmul+1
  2581     02F1  0874               	movf	___wmul@product,w
  2582     02F2  00F0               	movwf	?___wmul
  2583     02F3                     l166:
  2584     02F3  0008               	return
  2585     02F4                     __end_of___wmul:
  2586                           
  2587                           	psect	text13
  2588     0411                     __ptext13:	
  2589 ;; *************** function ___lmul *****************
  2590 ;; Defined at:
  2591 ;;		line 15 in file "C:\Program Files\Microchip\xc8\v3.10\pic\sources\c99\common\Umul32.c"
  2592 ;; Parameters:    Size  Location     Type
  2593 ;;  multiplier      4    0[COMMON] unsigned long 
  2594 ;;  multiplicand    4    4[COMMON] unsigned long 
  2595 ;; Auto vars:     Size  Location     Type
  2596 ;;  product         4    9[COMMON] unsigned long 
  2597 ;; Return value:  Size  Location     Type
  2598 ;;                  4    0[COMMON] unsigned long 
  2599 ;; Registers used:
  2600 ;;		wreg, status,2, status,0
  2601 ;; Tracked objects:
  2602 ;;		On entry : 0/0
  2603 ;;		On exit  : 0/0
  2604 ;;		Unchanged: 0/0
  2605 ;; Data sizes:     COMMON   BANK0   BANK1   BANK3   BANK2
  2606 ;;      Params:         8       0       0       0       0
  2607 ;;      Locals:         4       0       0       0       0
  2608 ;;      Temps:          1       0       0       0       0
  2609 ;;      Totals:        13       0       0       0       0
  2610 ;;Total ram usage:       13 bytes
  2611 ;; Hardware stack levels used: 1
  2612 ;; This function calls:
  2613 ;;		Nothing
  2614 ;; This function is called by:
  2615 ;;		_main
  2616 ;; This function uses a non-reentrant model
  2617 ;;
  2618                           
  2619     0411                     ___lmul:	
  2620                           ;psect for function ___lmul
  2621                           
  2622     0411                     l1338:	
  2623                           ;incstack = 0
  2624                           ; Regs used in ___lmul: [wreg+status,2+status,0]
  2625                           
  2626     0411  3000               	movlw	0
  2627     0412  00FC               	movwf	___lmul@product+3
  2628     0413  3000               	movlw	0
  2629     0414  00FB               	movwf	___lmul@product+2
  2630     0415  3000               	movlw	0
  2631     0416  00FA               	movwf	___lmul@product+1
  2632     0417  3000               	movlw	0
  2633     0418  00F9               	movwf	___lmul@product
  2634     0419                     l1340:
  2635     0419  1C70               	btfss	___lmul@multiplier,0
  2636     041A  2C1C               	goto	u931
  2637     041B  2C1D               	goto	u930
  2638     041C                     u931:
  2639     041C  2C34               	goto	l1344
  2640     041D                     u930:
  2641     041D                     l1342:
  2642     041D  0874               	movf	___lmul@multiplicand,w
  2643     041E  07F9               	addwf	___lmul@product,f
  2644     041F  0875               	movf	___lmul@multiplicand+1,w
  2645     0420  1103               	clrz
  2646     0421  1803               	skipnc
  2647     0422  3E01               	addlw	1
  2648     0423  1903               	skipnz
  2649     0424  2C26               	goto	u941
  2650     0425  07FA               	addwf	___lmul@product+1,f
  2651     0426                     u941:
  2652     0426  0876               	movf	___lmul@multiplicand+2,w
  2653     0427  1103               	clrz
  2654     0428  1803               	skipnc
  2655     0429  3E01               	addlw	1
  2656     042A  1903               	skipnz
  2657     042B  2C2D               	goto	u942
  2658     042C  07FB               	addwf	___lmul@product+2,f
  2659     042D                     u942:
  2660     042D  0877               	movf	___lmul@multiplicand+3,w
  2661     042E  1103               	clrz
  2662     042F  1803               	skipnc
  2663     0430  3E01               	addlw	1
  2664     0431  1903               	skipnz
  2665     0432  2C34               	goto	u943
  2666     0433  07FC               	addwf	___lmul@product+3,f
  2667     0434                     u943:
  2668     0434                     l1344:
  2669     0434  3001               	movlw	1
  2670     0435  00F8               	movwf	??___lmul
  2671     0436                     u955:
  2672     0436  1003               	clrc
  2673     0437  0DF4               	rlf	___lmul@multiplicand,f
  2674     0438  0DF5               	rlf	___lmul@multiplicand+1,f
  2675     0439  0DF6               	rlf	___lmul@multiplicand+2,f
  2676     043A  0DF7               	rlf	___lmul@multiplicand+3,f
  2677     043B  0BF8               	decfsz	??___lmul,f
  2678     043C  2C36               	goto	u955
  2679     043D                     l1346:
  2680     043D  3001               	movlw	1
  2681     043E                     u965:
  2682     043E  1003               	clrc
  2683     043F  0CF3               	rrf	___lmul@multiplier+3,f
  2684     0440  0CF2               	rrf	___lmul@multiplier+2,f
  2685     0441  0CF1               	rrf	___lmul@multiplier+1,f
  2686     0442  0CF0               	rrf	___lmul@multiplier,f
  2687     0443  3EFF               	addlw	-1
  2688     0444  1D03               	skipz
  2689     0445  2C3E               	goto	u965
  2690     0446  0873               	movf	___lmul@multiplier+3,w
  2691     0447  0472               	iorwf	___lmul@multiplier+2,w
  2692     0448  0471               	iorwf	___lmul@multiplier+1,w
  2693     0449  0470               	iorwf	___lmul@multiplier,w
  2694     044A  1D03               	skipz
  2695     044B  2C4D               	goto	u971
  2696     044C  2C4E               	goto	u970
  2697     044D                     u971:
  2698     044D  2C19               	goto	l1340
  2699     044E                     u970:
  2700     044E                     l1348:
  2701     044E  087C               	movf	___lmul@product+3,w
  2702     044F  00F3               	movwf	?___lmul+3
  2703     0450  087B               	movf	___lmul@product+2,w
  2704     0451  00F2               	movwf	?___lmul+2
  2705     0452  087A               	movf	___lmul@product+1,w
  2706     0453  00F1               	movwf	?___lmul+1
  2707     0454  0879               	movf	___lmul@product,w
  2708     0455  00F0               	movwf	?___lmul
  2709     0456                     l178:
  2710     0456  0008               	return
  2711     0457                     __end_of___lmul:
  2712                           
  2713                           	psect	text14
  2714     0501                     __ptext14:	
  2715 ;; *************** function ___lldiv *****************
  2716 ;; Defined at:
  2717 ;;		line 5 in file "C:\Program Files\Microchip\xc8\v3.10\pic\sources\c99\common\__lldiv.c"
  2718 ;; Parameters:    Size  Location     Type
  2719 ;;  divisor         4    0[BANK0 ] unsigned long 
  2720 ;;  dividend        4    4[BANK0 ] unsigned long 
  2721 ;; Auto vars:     Size  Location     Type
  2722 ;;  quotient        4    8[BANK0 ] unsigned long 
  2723 ;;  counter         1   12[BANK0 ] unsigned char 
  2724 ;; Return value:  Size  Location     Type
  2725 ;;                  4    0[BANK0 ] unsigned long 
  2726 ;; Registers used:
  2727 ;;		wreg, status,2, status,0
  2728 ;; Tracked objects:
  2729 ;;		On entry : 0/0
  2730 ;;		On exit  : 0/0
  2731 ;;		Unchanged: 0/0
  2732 ;; Data sizes:     COMMON   BANK0   BANK1   BANK3   BANK2
  2733 ;;      Params:         0       8       0       0       0
  2734 ;;      Locals:         0       5       0       0       0
  2735 ;;      Temps:          1       0       0       0       0
  2736 ;;      Totals:         1      13       0       0       0
  2737 ;;Total ram usage:       14 bytes
  2738 ;; Hardware stack levels used: 1
  2739 ;; This function calls:
  2740 ;;		Nothing
  2741 ;; This function is called by:
  2742 ;;		_main
  2743 ;; This function uses a non-reentrant model
  2744 ;;
  2745                           
  2746     0501                     ___lldiv:	
  2747                           ;psect for function ___lldiv
  2748                           
  2749     0501                     l1352:	
  2750                           ;incstack = 0
  2751                           ; Regs used in ___lldiv: [wreg+status,2+status,0]
  2752                           
  2753     0501  3000               	movlw	0
  2754     0502  1283               	bcf	3,5	;RP0=0, select bank0
  2755     0503  1303               	bcf	3,6	;RP1=0, select bank0
  2756     0504  00AB               	movwf	___lldiv@quotient+3
  2757     0505  3000               	movlw	0
  2758     0506  00AA               	movwf	___lldiv@quotient+2
  2759     0507  3000               	movlw	0
  2760     0508  00A9               	movwf	___lldiv@quotient+1
  2761     0509  3000               	movlw	0
  2762     050A  00A8               	movwf	___lldiv@quotient
  2763     050B  0823               	movf	___lldiv@divisor+3,w
  2764     050C  0422               	iorwf	___lldiv@divisor+2,w
  2765     050D  0421               	iorwf	___lldiv@divisor+1,w
  2766     050E  0420               	iorwf	___lldiv@divisor,w
  2767     050F  1903               	skipnz
  2768     0510  2D12               	goto	u981
  2769     0511  2D13               	goto	u980
  2770     0512                     u981:
  2771     0512  2D5E               	goto	l1372
  2772     0513                     u980:
  2773     0513                     l1354:
  2774     0513  3001               	movlw	1
  2775     0514  00AC               	movwf	___lldiv@counter
  2776     0515  2D21               	goto	l1358
  2777     0516                     l1356:
  2778     0516  3001               	movlw	1
  2779     0517  00FD               	movwf	??___lldiv
  2780     0518                     u995:
  2781     0518  1003               	clrc
  2782     0519  0DA0               	rlf	___lldiv@divisor,f
  2783     051A  0DA1               	rlf	___lldiv@divisor+1,f
  2784     051B  0DA2               	rlf	___lldiv@divisor+2,f
  2785     051C  0DA3               	rlf	___lldiv@divisor+3,f
  2786     051D  0BFD               	decfsz	??___lldiv,f
  2787     051E  2D18               	goto	u995
  2788     051F  3001               	movlw	1
  2789     0520  07AC               	addwf	___lldiv@counter,f
  2790     0521                     l1358:
  2791     0521  1FA3               	btfss	___lldiv@divisor+3,7
  2792     0522  2D24               	goto	u1001
  2793     0523  2D25               	goto	u1000
  2794     0524                     u1001:
  2795     0524  2D16               	goto	l1356
  2796     0525                     u1000:
  2797     0525                     l1360:
  2798     0525  3001               	movlw	1
  2799     0526  00FD               	movwf	??___lldiv
  2800     0527                     u1015:
  2801     0527  1003               	clrc
  2802     0528  0DA8               	rlf	___lldiv@quotient,f
  2803     0529  0DA9               	rlf	___lldiv@quotient+1,f
  2804     052A  0DAA               	rlf	___lldiv@quotient+2,f
  2805     052B  0DAB               	rlf	___lldiv@quotient+3,f
  2806     052C  0BFD               	decfsz	??___lldiv,f
  2807     052D  2D27               	goto	u1015
  2808     052E                     l1362:
  2809     052E  0823               	movf	___lldiv@divisor+3,w
  2810     052F  0227               	subwf	___lldiv@dividend+3,w
  2811     0530  1D03               	skipz
  2812     0531  2D3C               	goto	u1025
  2813     0532  0822               	movf	___lldiv@divisor+2,w
  2814     0533  0226               	subwf	___lldiv@dividend+2,w
  2815     0534  1D03               	skipz
  2816     0535  2D3C               	goto	u1025
  2817     0536  0821               	movf	___lldiv@divisor+1,w
  2818     0537  0225               	subwf	___lldiv@dividend+1,w
  2819     0538  1D03               	skipz
  2820     0539  2D3C               	goto	u1025
  2821     053A  0820               	movf	___lldiv@divisor,w
  2822     053B  0224               	subwf	___lldiv@dividend,w
  2823     053C                     u1025:
  2824     053C  1C03               	skipc
  2825     053D  2D3F               	goto	u1021
  2826     053E  2D40               	goto	u1020
  2827     053F                     u1021:
  2828     053F  2D4F               	goto	l1368
  2829     0540                     u1020:
  2830     0540                     l1364:
  2831     0540  0820               	movf	___lldiv@divisor,w
  2832     0541  02A4               	subwf	___lldiv@dividend,f
  2833     0542  0821               	movf	___lldiv@divisor+1,w
  2834     0543  1C03               	skipc
  2835     0544  0F21               	incfsz	___lldiv@divisor+1,w
  2836     0545  02A5               	subwf	___lldiv@dividend+1,f
  2837     0546  0822               	movf	___lldiv@divisor+2,w
  2838     0547  1C03               	skipc
  2839     0548  0F22               	incfsz	___lldiv@divisor+2,w
  2840     0549  02A6               	subwf	___lldiv@dividend+2,f
  2841     054A  0823               	movf	___lldiv@divisor+3,w
  2842     054B  1C03               	skipc
  2843     054C  0F23               	incfsz	___lldiv@divisor+3,w
  2844     054D  02A7               	subwf	___lldiv@dividend+3,f
  2845     054E                     l1366:
  2846     054E  1428               	bsf	___lldiv@quotient,0
  2847     054F                     l1368:
  2848     054F  3001               	movlw	1
  2849     0550                     u1035:
  2850     0550  1003               	clrc
  2851     0551  0CA3               	rrf	___lldiv@divisor+3,f
  2852     0552  0CA2               	rrf	___lldiv@divisor+2,f
  2853     0553  0CA1               	rrf	___lldiv@divisor+1,f
  2854     0554  0CA0               	rrf	___lldiv@divisor,f
  2855     0555  3EFF               	addlw	-1
  2856     0556  1D03               	skipz
  2857     0557  2D50               	goto	u1035
  2858     0558                     l1370:
  2859     0558  3001               	movlw	1
  2860     0559  02AC               	subwf	___lldiv@counter,f
  2861     055A  1D03               	btfss	3,2
  2862     055B  2D5D               	goto	u1041
  2863     055C  2D5E               	goto	u1040
  2864     055D                     u1041:
  2865     055D  2D25               	goto	l1360
  2866     055E                     u1040:
  2867     055E                     l1372:
  2868     055E  082B               	movf	___lldiv@quotient+3,w
  2869     055F  00A3               	movwf	?___lldiv+3
  2870     0560  082A               	movf	___lldiv@quotient+2,w
  2871     0561  00A2               	movwf	?___lldiv+2
  2872     0562  0829               	movf	___lldiv@quotient+1,w
  2873     0563  00A1               	movwf	?___lldiv+1
  2874     0564  0828               	movf	___lldiv@quotient,w
  2875     0565  00A0               	movwf	?___lldiv
  2876     0566                     l200:
  2877     0566  0008               	return
  2878     0567                     __end_of___lldiv:
  2879                           
  2880                           	psect	text15
  2881     02F4                     __ptext15:	
  2882 ;; *************** function _LCD_String *****************
  2883 ;; Defined at:
  2884 ;;		line 162 in file "adc-1.c"
  2885 ;; Parameters:    Size  Location     Type
  2886 ;;  str             2    3[COMMON] PTR const unsigned char 
  2887 ;;		 -> main@buffer(16), STR_4(4), STR_3(5), STR_2(17), 
  2888 ;;		 -> STR_1(17), 
  2889 ;; Auto vars:     Size  Location     Type
  2890 ;;		None
  2891 ;; Return value:  Size  Location     Type
  2892 ;;                  1    wreg      void 
  2893 ;; Registers used:
  2894 ;;		wreg, fsr0l, fsr0h, status,2, status,0, pclath, btemp1, cstack
  2895 ;; Tracked objects:
  2896 ;;		On entry : 0/0
  2897 ;;		On exit  : 0/0
  2898 ;;		Unchanged: 0/0
  2899 ;; Data sizes:     COMMON   BANK0   BANK1   BANK3   BANK2
  2900 ;;      Params:         2       0       0       0       0
  2901 ;;      Locals:         0       0       0       0       0
  2902 ;;      Temps:          0       0       0       0       0
  2903 ;;      Totals:         2       0       0       0       0
  2904 ;;Total ram usage:        2 bytes
  2905 ;; Hardware stack levels used: 1
  2906 ;; Hardware stack levels required when called: 1
  2907 ;; This function calls:
  2908 ;;		_LCD_Data
  2909 ;; This function is called by:
  2910 ;;		_main
  2911 ;; This function uses a non-reentrant model
  2912 ;;
  2913                           
  2914     02F4                     _LCD_String:	
  2915                           ;psect for function _LCD_String
  2916                           
  2917     02F4                     l1298:	
  2918                           ;incstack = 0
  2919                           ; Regs used in _LCD_String: [wreg-fsr0h+status,2+status,0+pclath+btemp1+cstack]
  2920                           
  2921                           
  2922                           ;adc-1.c: 163:     while(*str) {
  2923     02F4  2B09               	goto	l1304
  2924     02F5                     l1300:
  2925                           
  2926                           ;adc-1.c: 164:         LCD_Data(*str++);
  2927     02F5  0874               	movf	LCD_String@str+1,w
  2928     02F6  00FF               	movwf	btemp1
  2929     02F7  0873               	movf	LCD_String@str,w
  2930     02F8  0084               	movwf	4
  2931     02F9  120A  118A  2003  120A  118A  	fcall	stringtab
  2932     02FE  120A  118A  2274  120A  118A  	fcall	_LCD_Data
  2933     0303                     l1302:
  2934     0303  3001               	movlw	1
  2935     0304  07F3               	addwf	LCD_String@str,f
  2936     0305  1803               	skipnc
  2937     0306  0AF4               	incf	LCD_String@str+1,f
  2938     0307  3000               	movlw	0
  2939     0308  07F4               	addwf	LCD_String@str+1,f
  2940     0309                     l1304:
  2941                           
  2942                           ;adc-1.c: 163:     while(*str) {
  2943     0309  0874               	movf	LCD_String@str+1,w
  2944     030A  1283               	bcf	3,5	;RP0=0, select bank0
  2945     030B  1303               	bcf	3,6	;RP1=0, select bank0
  2946     030C  00FF               	movwf	btemp1
  2947     030D  0873               	movf	LCD_String@str,w
  2948     030E  0084               	movwf	4
  2949     030F  120A  118A  2003  120A  118A  	fcall	stringtab
  2950     0314  3A00               	xorlw	0
  2951     0315  1D03               	skipz
  2952     0316  2B18               	goto	u891
  2953     0317  2B19               	goto	u890
  2954     0318                     u891:
  2955     0318  2AF5               	goto	l1300
  2956     0319                     u890:
  2957     0319                     l70:
  2958     0319  0008               	return
  2959     031A                     __end_of_LCD_String:
  2960                           
  2961                           	psect	text16
  2962     0274                     __ptext16:	
  2963 ;; *************** function _LCD_Data *****************
  2964 ;; Defined at:
  2965 ;;		line 152 in file "adc-1.c"
  2966 ;; Parameters:    Size  Location     Type
  2967 ;;  data            1    wreg     unsigned char 
  2968 ;; Auto vars:     Size  Location     Type
  2969 ;;  data            1    2[COMMON] unsigned char 
  2970 ;; Return value:  Size  Location     Type
  2971 ;;                  1    wreg      void 
  2972 ;; Registers used:
  2973 ;;		wreg
  2974 ;; Tracked objects:
  2975 ;;		On entry : 0/0
  2976 ;;		On exit  : 0/0
  2977 ;;		Unchanged: 0/0
  2978 ;; Data sizes:     COMMON   BANK0   BANK1   BANK3   BANK2
  2979 ;;      Params:         0       0       0       0       0
  2980 ;;      Locals:         1       0       0       0       0
  2981 ;;      Temps:          2       0       0       0       0
  2982 ;;      Totals:         3       0       0       0       0
  2983 ;;Total ram usage:        3 bytes
  2984 ;; Hardware stack levels used: 1
  2985 ;; This function calls:
  2986 ;;		Nothing
  2987 ;; This function is called by:
  2988 ;;		_LCD_String
  2989 ;; This function uses a non-reentrant model
  2990 ;;
  2991                           
  2992     0274                     _LCD_Data:	
  2993                           ;psect for function _LCD_Data
  2994                           
  2995                           
  2996                           ;incstack = 0
  2997                           ; Regs used in _LCD_Data: [wreg]
  2998                           ;LCD_Data@data stored from wreg
  2999     0274  00F2               	movwf	LCD_Data@data
  3000     0275                     l1260:
  3001                           
  3002                           ;adc-1.c: 153:     PORTEbits.RE0 = 1;
  3003     0275  1283               	bcf	3,5	;RP0=0, select bank0
  3004     0276  1303               	bcf	3,6	;RP1=0, select bank0
  3005     0277  1409               	bsf	9,0	;volatile
  3006     0278                     l1262:
  3007                           
  3008                           ;adc-1.c: 154:     PORTD = data;
  3009     0278  0872               	movf	LCD_Data@data,w
  3010     0279  0088               	movwf	8	;volatile
  3011     027A                     l1264:
  3012                           
  3013                           ;adc-1.c: 155:     PORTEbits.RE1 = 1;
  3014     027A  1489               	bsf	9,1	;volatile
  3015     027B                     l1266:
  3016                           
  3017                           ;adc-1.c: 156:     _delay((unsigned long)((1)*(4000000/4000000.0)));
  3018     027B  0000               	nop
  3019     027C                     l1268:
  3020                           
  3021                           ;adc-1.c: 157:     PORTEbits.RE1 = 0;
  3022     027C  1283               	bcf	3,5	;RP0=0, select bank0
  3023     027D  1303               	bcf	3,6	;RP1=0, select bank0
  3024     027E  1089               	bcf	9,1	;volatile
  3025                           
  3026                           ;adc-1.c: 158:     _delay((unsigned long)((2)*(4000000/4000.0)));
  3027     027F  3003               	movlw	3
  3028     0280  00F1               	movwf	??_LCD_Data+1
  3029     0281  3097               	movlw	151
  3030     0282  00F0               	movwf	??_LCD_Data
  3031     0283                     u1077:
  3032     0283  0BF0               	decfsz	??_LCD_Data,f
  3033     0284  2A83               	goto	u1077
  3034     0285  0BF1               	decfsz	??_LCD_Data+1,f
  3035     0286  2A83               	goto	u1077
  3036     0287  2A88               	nop2
  3037     0288                     l64:
  3038     0288  0008               	return
  3039     0289                     __end_of_LCD_Data:
  3040                           
  3041                           	psect	text17
  3042     0341                     __ptext17:	
  3043 ;; *************** function _LCD_Init *****************
  3044 ;; Defined at:
  3045 ;;		line 131 in file "adc-1.c"
  3046 ;; Parameters:    Size  Location     Type
  3047 ;;		None
  3048 ;; Auto vars:     Size  Location     Type
  3049 ;;		None
  3050 ;; Return value:  Size  Location     Type
  3051 ;;                  1    wreg      void 
  3052 ;; Registers used:
  3053 ;;		wreg, status,2, status,0, pclath, cstack
  3054 ;; Tracked objects:
  3055 ;;		On entry : 0/0
  3056 ;;		On exit  : 0/0
  3057 ;;		Unchanged: 0/0
  3058 ;; Data sizes:     COMMON   BANK0   BANK1   BANK3   BANK2
  3059 ;;      Params:         0       0       0       0       0
  3060 ;;      Locals:         0       0       0       0       0
  3061 ;;      Temps:          2       0       0       0       0
  3062 ;;      Totals:         2       0       0       0       0
  3063 ;;Total ram usage:        2 bytes
  3064 ;; Hardware stack levels used: 1
  3065 ;; Hardware stack levels required when called: 1
  3066 ;; This function calls:
  3067 ;;		_LCD_Cmd
  3068 ;; This function is called by:
  3069 ;;		_main
  3070 ;; This function uses a non-reentrant model
  3071 ;;
  3072                           
  3073     0341                     _LCD_Init:	
  3074                           ;psect for function _LCD_Init
  3075                           
  3076     0341                     l1280:	
  3077                           ;incstack = 0
  3078                           ; Regs used in _LCD_Init: [wreg+status,2+status,0+pclath+cstack]
  3079                           
  3080                           
  3081                           ;adc-1.c: 132:     _delay((unsigned long)((50)*(4000000/4000.0)));
  3082     0341  3041               	movlw	65
  3083     0342  00F4               	movwf	??_LCD_Init+1
  3084     0343  30EE               	movlw	238
  3085     0344  00F3               	movwf	??_LCD_Init
  3086     0345                     u1087:
  3087     0345  0BF3               	decfsz	??_LCD_Init,f
  3088     0346  2B45               	goto	u1087
  3089     0347  0BF4               	decfsz	??_LCD_Init+1,f
  3090     0348  2B45               	goto	u1087
  3091     0349  0000               	nop
  3092     034A                     l1282:
  3093                           
  3094                           ;adc-1.c: 134:     LCD_Cmd(0x38);
  3095     034A  3038               	movlw	56
  3096     034B  120A  118A  225F  120A  118A  	fcall	_LCD_Cmd
  3097     0350                     l1284:
  3098                           
  3099                           ;adc-1.c: 135:     LCD_Cmd(0x0C);
  3100     0350  300C               	movlw	12
  3101     0351  120A  118A  225F  120A  118A  	fcall	_LCD_Cmd
  3102     0356                     l1286:
  3103                           
  3104                           ;adc-1.c: 136:     LCD_Cmd(0x06);
  3105     0356  3006               	movlw	6
  3106     0357  120A  118A  225F  120A  118A  	fcall	_LCD_Cmd
  3107     035C                     l1288:
  3108                           
  3109                           ;adc-1.c: 137:     LCD_Cmd(0x01);
  3110     035C  3001               	movlw	1
  3111     035D  120A  118A  225F  120A  118A  	fcall	_LCD_Cmd
  3112                           
  3113                           ;adc-1.c: 138:     _delay((unsigned long)((2)*(4000000/4000.0)));
  3114     0362  3003               	movlw	3
  3115     0363  00F4               	movwf	??_LCD_Init+1
  3116     0364  3097               	movlw	151
  3117     0365  00F3               	movwf	??_LCD_Init
  3118     0366                     u1097:
  3119     0366  0BF3               	decfsz	??_LCD_Init,f
  3120     0367  2B66               	goto	u1097
  3121     0368  0BF4               	decfsz	??_LCD_Init+1,f
  3122     0369  2B66               	goto	u1097
  3123     036A  2B6B               	nop2
  3124     036B                     l58:
  3125     036B  0008               	return
  3126     036C                     __end_of_LCD_Init:
  3127                           
  3128                           	psect	text18
  3129     024B                     __ptext18:	
  3130 ;; *************** function _LCD_Goto *****************
  3131 ;; Defined at:
  3132 ;;		line 174 in file "adc-1.c"
  3133 ;; Parameters:    Size  Location     Type
  3134 ;;  row             1    wreg     unsigned char 
  3135 ;;  col             1    3[COMMON] unsigned char 
  3136 ;; Auto vars:     Size  Location     Type
  3137 ;;  row             1    4[COMMON] unsigned char 
  3138 ;;  address         1    5[COMMON] unsigned char 
  3139 ;; Return value:  Size  Location     Type
  3140 ;;                  1    wreg      void 
  3141 ;; Registers used:
  3142 ;;		wreg, status,2, status,0, pclath, cstack
  3143 ;; Tracked objects:
  3144 ;;		On entry : 0/0
  3145 ;;		On exit  : 0/0
  3146 ;;		Unchanged: 0/0
  3147 ;; Data sizes:     COMMON   BANK0   BANK1   BANK3   BANK2
  3148 ;;      Params:         1       0       0       0       0
  3149 ;;      Locals:         2       0       0       0       0
  3150 ;;      Temps:          0       0       0       0       0
  3151 ;;      Totals:         3       0       0       0       0
  3152 ;;Total ram usage:        3 bytes
  3153 ;; Hardware stack levels used: 1
  3154 ;; Hardware stack levels required when called: 1
  3155 ;; This function calls:
  3156 ;;		_LCD_Cmd
  3157 ;; This function is called by:
  3158 ;;		_main
  3159 ;; This function uses a non-reentrant model
  3160 ;;
  3161                           
  3162     024B                     _LCD_Goto:	
  3163                           ;psect for function _LCD_Goto
  3164                           
  3165                           
  3166                           ;incstack = 0
  3167                           ; Regs used in _LCD_Goto: [wreg+status,2+status,0+pclath+cstack]
  3168                           ;LCD_Goto@row stored from wreg
  3169     024B  00F4               	movwf	LCD_Goto@row
  3170     024C                     l1306:
  3171                           
  3172                           ;adc-1.c: 175:     unsigned char address;;adc-1.c: 178:     if(row == 1)
  3173     024C  0374               	decf	LCD_Goto@row,w
  3174     024D  1D03               	btfss	3,2
  3175     024E  2A50               	goto	u901
  3176     024F  2A51               	goto	u900
  3177     0250                     u901:
  3178     0250  2A55               	goto	l1310
  3179     0251                     u900:
  3180     0251                     l1308:
  3181                           
  3182                           ;adc-1.c: 179:         address = 0x80 + (col - 1);
  3183     0251  0873               	movf	LCD_Goto@col,w
  3184     0252  3E7F               	addlw	127
  3185     0253  00F5               	movwf	LCD_Goto@address
  3186     0254  2A58               	goto	l1312
  3187     0255                     l1310:
  3188                           
  3189                           ;adc-1.c: 181:         address = 0xC0 + (col - 1);
  3190     0255  0873               	movf	LCD_Goto@col,w
  3191     0256  3EBF               	addlw	191
  3192     0257  00F5               	movwf	LCD_Goto@address
  3193     0258                     l1312:
  3194                           
  3195                           ;adc-1.c: 183:     LCD_Cmd(address);
  3196     0258  0875               	movf	LCD_Goto@address,w
  3197     0259  120A  118A  225F  120A  118A  	fcall	_LCD_Cmd
  3198     025E                     l78:
  3199     025E  0008               	return
  3200     025F                     __end_of_LCD_Goto:
  3201                           
  3202                           	psect	text19
  3203     0229                     __ptext19:	
  3204 ;; *************** function _LCD_Clear *****************
  3205 ;; Defined at:
  3206 ;;		line 168 in file "adc-1.c"
  3207 ;; Parameters:    Size  Location     Type
  3208 ;;		None
  3209 ;; Auto vars:     Size  Location     Type
  3210 ;;		None
  3211 ;; Return value:  Size  Location     Type
  3212 ;;                  1    wreg      void 
  3213 ;; Registers used:
  3214 ;;		wreg, status,2, status,0, pclath, cstack
  3215 ;; Tracked objects:
  3216 ;;		On entry : 0/0
  3217 ;;		On exit  : 0/0
  3218 ;;		Unchanged: 0/0
  3219 ;; Data sizes:     COMMON   BANK0   BANK1   BANK3   BANK2
  3220 ;;      Params:         0       0       0       0       0
  3221 ;;      Locals:         0       0       0       0       0
  3222 ;;      Temps:          2       0       0       0       0
  3223 ;;      Totals:         2       0       0       0       0
  3224 ;;Total ram usage:        2 bytes
  3225 ;; Hardware stack levels used: 1
  3226 ;; Hardware stack levels required when called: 1
  3227 ;; This function calls:
  3228 ;;		_LCD_Cmd
  3229 ;; This function is called by:
  3230 ;;		_main
  3231 ;; This function uses a non-reentrant model
  3232 ;;
  3233                           
  3234     0229                     _LCD_Clear:	
  3235                           ;psect for function _LCD_Clear
  3236                           
  3237     0229                     l1294:	
  3238                           ;incstack = 0
  3239                           ; Regs used in _LCD_Clear: [wreg+status,2+status,0+pclath+cstack]
  3240                           
  3241                           
  3242                           ;adc-1.c: 169:     LCD_Cmd(0x01);
  3243     0229  3001               	movlw	1
  3244     022A  120A  118A  225F  120A  118A  	fcall	_LCD_Cmd
  3245     022F                     l1296:
  3246                           
  3247                           ;adc-1.c: 170:     _delay((unsigned long)((2)*(4000000/4000.0)));
  3248     022F  3003               	movlw	3
  3249     0230  00F4               	movwf	??_LCD_Clear+1
  3250     0231  3097               	movlw	151
  3251     0232  00F3               	movwf	??_LCD_Clear
  3252     0233                     u1107:
  3253     0233  0BF3               	decfsz	??_LCD_Clear,f
  3254     0234  2A33               	goto	u1107
  3255     0235  0BF4               	decfsz	??_LCD_Clear+1,f
  3256     0236  2A33               	goto	u1107
  3257     0237  2A38               	nop2
  3258     0238                     l73:
  3259     0238  0008               	return
  3260     0239                     __end_of_LCD_Clear:
  3261                           
  3262                           	psect	text20
  3263     025F                     __ptext20:	
  3264 ;; *************** function _LCD_Cmd *****************
  3265 ;; Defined at:
  3266 ;;		line 142 in file "adc-1.c"
  3267 ;; Parameters:    Size  Location     Type
  3268 ;;  cmd             1    wreg     unsigned char 
  3269 ;; Auto vars:     Size  Location     Type
  3270 ;;  cmd             1    2[COMMON] unsigned char 
  3271 ;; Return value:  Size  Location     Type
  3272 ;;                  1    wreg      void 
  3273 ;; Registers used:
  3274 ;;		wreg
  3275 ;; Tracked objects:
  3276 ;;		On entry : 0/0
  3277 ;;		On exit  : 0/0
  3278 ;;		Unchanged: 0/0
  3279 ;; Data sizes:     COMMON   BANK0   BANK1   BANK3   BANK2
  3280 ;;      Params:         0       0       0       0       0
  3281 ;;      Locals:         1       0       0       0       0
  3282 ;;      Temps:          2       0       0       0       0
  3283 ;;      Totals:         3       0       0       0       0
  3284 ;;Total ram usage:        3 bytes
  3285 ;; Hardware stack levels used: 1
  3286 ;; This function calls:
  3287 ;;		Nothing
  3288 ;; This function is called by:
  3289 ;;		_LCD_Init
  3290 ;;		_LCD_Clear
  3291 ;;		_LCD_Goto
  3292 ;; This function uses a non-reentrant model
  3293 ;;
  3294                           
  3295     025F                     _LCD_Cmd:	
  3296                           ;psect for function _LCD_Cmd
  3297                           
  3298                           
  3299                           ;incstack = 0
  3300                           ; Regs used in _LCD_Cmd: [wreg]
  3301                           ;LCD_Cmd@cmd stored from wreg
  3302     025F  00F2               	movwf	LCD_Cmd@cmd
  3303     0260                     l1250:
  3304                           
  3305                           ;adc-1.c: 143:     PORTEbits.RE0 = 0;
  3306     0260  1283               	bcf	3,5	;RP0=0, select bank0
  3307     0261  1303               	bcf	3,6	;RP1=0, select bank0
  3308     0262  1009               	bcf	9,0	;volatile
  3309     0263                     l1252:
  3310                           
  3311                           ;adc-1.c: 144:     PORTD = cmd;
  3312     0263  0872               	movf	LCD_Cmd@cmd,w
  3313     0264  0088               	movwf	8	;volatile
  3314     0265                     l1254:
  3315                           
  3316                           ;adc-1.c: 145:     PORTEbits.RE1 = 1;
  3317     0265  1489               	bsf	9,1	;volatile
  3318     0266                     l1256:
  3319                           
  3320                           ;adc-1.c: 146:     _delay((unsigned long)((1)*(4000000/4000000.0)));
  3321     0266  0000               	nop
  3322     0267                     l1258:
  3323                           
  3324                           ;adc-1.c: 147:     PORTEbits.RE1 = 0;
  3325     0267  1283               	bcf	3,5	;RP0=0, select bank0
  3326     0268  1303               	bcf	3,6	;RP1=0, select bank0
  3327     0269  1089               	bcf	9,1	;volatile
  3328                           
  3329                           ;adc-1.c: 148:     _delay((unsigned long)((2)*(4000000/4000.0)));
  3330     026A  3003               	movlw	3
  3331     026B  00F1               	movwf	??_LCD_Cmd+1
  3332     026C  3097               	movlw	151
  3333     026D  00F0               	movwf	??_LCD_Cmd
  3334     026E                     u1117:
  3335     026E  0BF0               	decfsz	??_LCD_Cmd,f
  3336     026F  2A6E               	goto	u1117
  3337     0270  0BF1               	decfsz	??_LCD_Cmd+1,f
  3338     0271  2A6E               	goto	u1117
  3339     0272  2A73               	nop2
  3340     0273                     l61:
  3341     0273  0008               	return
  3342     0274                     __end_of_LCD_Cmd:
  3343                           
  3344                           	psect	text21
  3345     031A                     __ptext21:	
  3346 ;; *************** function _ADC_Read *****************
  3347 ;; Defined at:
  3348 ;;		line 108 in file "adc-1.c"
  3349 ;; Parameters:    Size  Location     Type
  3350 ;;  channel         1    wreg     unsigned char 
  3351 ;; Auto vars:     Size  Location     Type
  3352 ;;  channel         1    5[COMMON] unsigned char 
  3353 ;;  result          2    3[COMMON] unsigned int 
  3354 ;; Return value:  Size  Location     Type
  3355 ;;                  2    0[COMMON] unsigned int 
  3356 ;; Registers used:
  3357 ;;		wreg, status,2, status,0
  3358 ;; Tracked objects:
  3359 ;;		On entry : 0/0
  3360 ;;		On exit  : 0/0
  3361 ;;		Unchanged: 0/0
  3362 ;; Data sizes:     COMMON   BANK0   BANK1   BANK3   BANK2
  3363 ;;      Params:         2       0       0       0       0
  3364 ;;      Locals:         3       0       0       0       0
  3365 ;;      Temps:          1       0       0       0       0
  3366 ;;      Totals:         6       0       0       0       0
  3367 ;;Total ram usage:        6 bytes
  3368 ;; Hardware stack levels used: 1
  3369 ;; This function calls:
  3370 ;;		Nothing
  3371 ;; This function is called by:
  3372 ;;		_main
  3373 ;; This function uses a non-reentrant model
  3374 ;;
  3375                           
  3376     031A                     _ADC_Read:	
  3377                           ;psect for function _ADC_Read
  3378                           
  3379                           
  3380                           ;incstack = 0
  3381                           ; Regs used in _ADC_Read: [wreg+status,2+status,0]
  3382                           ;ADC_Read@channel stored from wreg
  3383     031A  00F5               	movwf	ADC_Read@channel
  3384     031B                     l1314:
  3385                           
  3386                           ;adc-1.c: 109:     unsigned int result;;adc-1.c: 113:     ADCON0 &= 0b11000111;
  3387     031B  30C7               	movlw	199
  3388     031C  1283               	bcf	3,5	;RP0=0, select bank0
  3389     031D  1303               	bcf	3,6	;RP1=0, select bank0
  3390     031E  059F               	andwf	31,f	;volatile
  3391                           
  3392                           ;adc-1.c: 114:     ADCON0 |= (channel << 3);
  3393     031F  0875               	movf	ADC_Read@channel,w	;volatile
  3394     0320  00F2               	movwf	??_ADC_Read
  3395     0321  3002               	movlw	2
  3396     0322                     u915:
  3397     0322  1003               	clrc
  3398     0323  0DF2               	rlf	??_ADC_Read,f
  3399     0324  3EFF               	addlw	-1
  3400     0325  1D03               	skipz
  3401     0326  2B22               	goto	u915
  3402     0327  1003               	clrc
  3403     0328  0D72               	rlf	??_ADC_Read,w
  3404     0329  049F               	iorwf	31,f	;volatile
  3405     032A                     l1316:
  3406                           
  3407                           ;adc-1.c: 116:     _delay((unsigned long)((20)*(4000000/4000000.0)));
  3408     032A  3006               	movlw	6
  3409     032B  00F2               	movwf	??_ADC_Read
  3410     032C                     u1127:
  3411     032C  0BF2               	decfsz	??_ADC_Read,f
  3412     032D  2B2C               	goto	u1127
  3413     032E  0000               	nop
  3414     032F                     l1318:
  3415                           
  3416                           ;adc-1.c: 119:     GO_nDONE = 1;
  3417     032F  1283               	bcf	3,5	;RP0=0, select bank0
  3418     0330  1303               	bcf	3,6	;RP1=0, select bank0
  3419     0331  151F               	bsf	31,2	;volatile
  3420     0332                     l52:	
  3421                           ;adc-1.c: 122:     while(GO_nDONE);
  3422                           
  3423     0332  191F               	btfsc	31,2	;volatile
  3424     0333  2B35               	goto	u921
  3425     0334  2B36               	goto	u920
  3426     0335                     u921:
  3427     0335  2B32               	goto	l52
  3428     0336                     u920:
  3429     0336                     l1320:
  3430                           
  3431                           ;adc-1.c: 125:     result = (ADRESH << 8) | ADRESL;
  3432     0336  081E               	movf	30,w	;volatile
  3433     0337  00F4               	movwf	ADC_Read@result+1
  3434     0338  1683               	bsf	3,5	;RP0=1, select bank1
  3435     0339  1303               	bcf	3,6	;RP1=0, select bank1
  3436     033A  081E               	movf	30,w	;volatile
  3437     033B  00F3               	movwf	ADC_Read@result
  3438                           
  3439                           ;adc-1.c: 127:     return result;
  3440     033C  0874               	movf	ADC_Read@result+1,w
  3441     033D  00F1               	movwf	?_ADC_Read+1
  3442     033E  0873               	movf	ADC_Read@result,w
  3443     033F  00F0               	movwf	?_ADC_Read
  3444     0340                     l55:
  3445     0340  0008               	return
  3446     0341                     __end_of_ADC_Read:
  3447                           
  3448                           	psect	text22
  3449     0239                     __ptext22:	
  3450 ;; *************** function _ADC_Init *****************
  3451 ;; Defined at:
  3452 ;;		line 86 in file "adc-1.c"
  3453 ;; Parameters:    Size  Location     Type
  3454 ;;		None
  3455 ;; Auto vars:     Size  Location     Type
  3456 ;;		None
  3457 ;; Return value:  Size  Location     Type
  3458 ;;                  1    wreg      void 
  3459 ;; Registers used:
  3460 ;;		wreg
  3461 ;; Tracked objects:
  3462 ;;		On entry : 0/0
  3463 ;;		On exit  : 0/0
  3464 ;;		Unchanged: 0/0
  3465 ;; Data sizes:     COMMON   BANK0   BANK1   BANK3   BANK2
  3466 ;;      Params:         0       0       0       0       0
  3467 ;;      Locals:         0       0       0       0       0
  3468 ;;      Temps:          2       0       0       0       0
  3469 ;;      Totals:         2       0       0       0       0
  3470 ;;Total ram usage:        2 bytes
  3471 ;; Hardware stack levels used: 1
  3472 ;; This function calls:
  3473 ;;		Nothing
  3474 ;; This function is called by:
  3475 ;;		_main
  3476 ;; This function uses a non-reentrant model
  3477 ;;
  3478                           
  3479     0239                     _ADC_Init:	
  3480                           ;psect for function _ADC_Init
  3481                           
  3482     0239                     l1290:	
  3483                           ;incstack = 0
  3484                           ; Regs used in _ADC_Init: [wreg]
  3485                           
  3486                           
  3487                           ;adc-1.c: 94:     ADCON0 = 0b01000001;
  3488     0239  3041               	movlw	65
  3489     023A  1283               	bcf	3,5	;RP0=0, select bank0
  3490     023B  1303               	bcf	3,6	;RP1=0, select bank0
  3491     023C  009F               	movwf	31	;volatile
  3492                           
  3493                           ;adc-1.c: 102:     ADCON1 = 0b10001110;
  3494     023D  308E               	movlw	142
  3495     023E  1683               	bsf	3,5	;RP0=1, select bank1
  3496     023F  1303               	bcf	3,6	;RP1=0, select bank1
  3497     0240  009F               	movwf	31	;volatile
  3498     0241                     l1292:
  3499                           
  3500                           ;adc-1.c: 104:     _delay((unsigned long)((20)*(4000000/4000.0)));
  3501     0241  301A               	movlw	26
  3502     0242  00F1               	movwf	??_ADC_Init+1
  3503     0243  30F8               	movlw	248
  3504     0244  00F0               	movwf	??_ADC_Init
  3505     0245                     u1137:
  3506     0245  0BF0               	decfsz	??_ADC_Init,f
  3507     0246  2A45               	goto	u1137
  3508     0247  0BF1               	decfsz	??_ADC_Init+1,f
  3509     0248  2A45               	goto	u1137
  3510     0249  0000               	nop
  3511     024A                     l49:
  3512     024A  0008               	return
  3513     024B                     __end_of_ADC_Init:
  3514     0002                     ___latbits      equ	2
  3515     007E                     btemp           set	126	;btemp
  3516     007E                     btemp0          set	126
  3517     007F                     btemp1          set	127
  3518     007E                     wtemp0          set	126
  3519     007F                     wtemp0a         set	127
  3520     007F                     ttemp0a         set	127
  3521     0080                     ltemp0a         set	128
  3522                           
  3523                           	psect	config
  3524                           
  3525                           ;Config register CONFIG @ 0x2007
  3526                           ;	Oscillator Selection bits
  3527                           ;	FOSC = XT, XT oscillator
  3528                           ;	Watchdog Timer Enable bit
  3529                           ;	WDTE = OFF, WDT disabled
  3530                           ;	Power-up Timer Enable bit
  3531                           ;	PWRTE = OFF, PWRT disabled
  3532                           ;	Brown-out Reset Enable bit
  3533                           ;	BOREN = ON, BOR enabled
  3534                           ;	Low-Voltage (Single-Supply) In-Circuit Serial Programming Enable bit
  3535                           ;	LVP = OFF, RB3 is digital I/O, HV on MCLR must be used for programming
  3536                           ;	Data EEPROM Memory Code Protection bit
  3537                           ;	CPD = OFF, Data EEPROM code protection off
  3538                           ;	Flash Program Memory Write Enable bits
  3539                           ;	WRT = OFF, Write protection off; all program memory may be written to by EECON control
  3540                           ;	In-Circuit Debugger Mode bit
  3541                           ;	DEBUG = 0x1, unprogrammed default
  3542                           ;	Flash Program Memory Code Protection bit
  3543                           ;	CP = OFF, Code protection off
  3544     2007                     	org	8199
  3545     2007  3F79               	dw	16249

Data Sizes:
    Strings     58
    Constant    0
    Data        0
    BSS         37
    Persistent  0
    Stack       0

Auto Spaces:
    Space          Size  Autos    Used
    COMMON           14     14      14
    BANK0            80     80      80
    BANK1            80      0      37
    BANK3            96      0       0
    BANK2            96      0       0

Pointer List with Targets:

    f$.$buffer	PTR unsigned char  size(2) Largest target is 16
		 -> main@buffer(BANK0[16]), 

    f$.$source	PTR const unsigned char  size(1) Largest target is 0

    fputc@fp	PTR struct _IO_FILE size(2) Largest target is 11
		 -> sprintf@f(BANK0[11]), 

    fputc@fp$.$buffer	PTR unsigned char  size(2) Largest target is 16
		 -> main@buffer(BANK0[16]), 

    fputc@fp$.$source	PTR const unsigned char  size(1) Largest target is 0

    fputs@fp	PTR struct _IO_FILE size(2) Largest target is 11
		 -> sprintf@f(BANK0[11]), 

    fputs@s	PTR const unsigned char  size(1) Largest target is 32
		 -> dbuf(BANK1[32]), 

    LCD_String@str	PTR const unsigned char  size(2) Largest target is 17
		 -> main@buffer(BANK0[16]), STR_1(CODE[17]), STR_2(CODE[17]), STR_3(CODE[5]), 
		 -> STR_4(CODE[4]), 

    pad@buf	PTR unsigned char  size(1) Largest target is 32
		 -> dbuf(BANK1[32]), 

    pad@fp	PTR struct _IO_FILE size(2) Largest target is 11
		 -> sprintf@f(BANK0[11]), 

    read_prec_or_width@ap	PTR PTR void [1] size(1) Largest target is 1
		 -> sprintf@ap(BANK0[1]), 

    read_prec_or_width@fmt	PTR PTR const unsigned char  size(1) Largest target is 1
		 -> vfprintf@cfmt(BANK0[1]), 

    S562$buffer	PTR unsigned char  size(2) Largest target is 16
		 -> main@buffer(BANK0[16]), 

    S562$source	PTR const unsigned char  size(1) Largest target is 0

    sprintf@ap	PTR void [1] size(1) Largest target is 2
		 -> ?_sprintf(BANK0[2]), 

    sprintf@fmt	PTR const unsigned char  size(1) Largest target is 8
		 -> STR_5(CODE[7]), STR_6(CODE[8]), 

    sprintf@s	PTR unsigned char  size(1) Largest target is 16
		 -> main@buffer(BANK0[16]), 

    utoa@fp	PTR struct _IO_FILE size(2) Largest target is 11
		 -> sprintf@f(BANK0[11]), 

    vfpfcnvrt@ap	PTR PTR void  size(1) Largest target is 1
		 -> sprintf@ap(BANK0[1]), 

    vfpfcnvrt@cp	PTR unsigned char  size(1) Largest target is 8
		 -> STR_5(CODE[7]), STR_6(CODE[8]), 

    vfpfcnvrt@fmt	PTR PTR unsigned char  size(1) Largest target is 1
		 -> vfprintf@cfmt(BANK0[1]), 

    vfpfcnvrt@fp	PTR struct _IO_FILE size(2) Largest target is 11
		 -> sprintf@f(BANK0[11]), 

    vfprintf@ap	PTR PTR void  size(1) Largest target is 1
		 -> sprintf@ap(BANK0[1]), 

    vfprintf@cfmt	PTR unsigned char  size(1) Largest target is 8
		 -> STR_5(CODE[7]), STR_6(CODE[8]), 

    vfprintf@fmt	PTR const unsigned char  size(1) Largest target is 8
		 -> STR_5(CODE[7]), STR_6(CODE[8]), 

    vfprintf@fp	PTR struct _IO_FILE size(2) Largest target is 11
		 -> sprintf@f(BANK0[11]), 


Critical Paths under _main in COMMON

    _main->___lldiv
    _utoa->_pad
    _pad->_fputc
    _fputs->_fputc
    _read_prec_or_width->___wmul
    ___lldiv->___lmul
    _LCD_String->_LCD_Data
    _LCD_Init->_LCD_Cmd
    _LCD_Goto->_LCD_Cmd
    _LCD_Clear->_LCD_Cmd

Critical Paths under _main in BANK0

    _main->_sprintf
    _sprintf->_vfprintf
    _vfprintf->_vfpfcnvrt
    _vfpfcnvrt->_utoa
    _utoa->_pad
    _pad->_fputs

Critical Paths under _main in BANK1

    None.

Critical Paths under _main in BANK3

    None.

Critical Paths under _main in BANK2

    None.

Call Graph Tables:

 ---------------------------------------------------------------------------------
 (Depth) Function   	        Calls       Base Space   Used Autos Params    Refs
 ---------------------------------------------------------------------------------
 (0) _main                                                23    23      0    3242
                                             57 BANK0     23    23      0
                           _ADC_Init
                           _ADC_Read
                          _LCD_Clear
                           _LCD_Goto
                           _LCD_Init
                         _LCD_String
                            ___lldiv
                             ___lmul
                            _sprintf
 ---------------------------------------------------------------------------------
 (1) _sprintf                                             19    15      4    2502
                                             40 BANK0     17    13      4
                           _vfprintf
 ---------------------------------------------------------------------------------
 (2) _vfprintf                                             5     1      4    2297
                                             35 BANK0      5     1      4
                          _vfpfcnvrt
 ---------------------------------------------------------------------------------
 (3) _vfpfcnvrt                                           13     9      4    2166
                                             24 BANK0     11     7      4
                              _fputc
                 _read_prec_or_width
                               _utoa
 ---------------------------------------------------------------------------------
 (4) _utoa                                                 9     5      4    1301
                                             15 BANK0      9     5      4
                            ___lwdiv
                            ___lwmod
                                _pad
 ---------------------------------------------------------------------------------
 (5) _pad                                                  8     3      5     747
                                             13 COMMON     1     1      0
                                              8 BANK0      7     2      5
                              _fputc
                              _fputs
 ---------------------------------------------------------------------------------
 (6) _fputs                                                8     5      3     333
                                              0 BANK0      8     5      3
                              _fputc
 ---------------------------------------------------------------------------------
 (7) _fputc                                               13     9      4     232
                                              0 COMMON    13     9      4
                              _putch
 ---------------------------------------------------------------------------------
 (8) _putch                                                1     1      0       0
 ---------------------------------------------------------------------------------
 (5) ___lwmod                                              5     1      4     161
                                              0 COMMON     5     1      4
 ---------------------------------------------------------------------------------
 (5) ___lwdiv                                              7     3      4     164
                                              0 COMMON     7     3      4
 ---------------------------------------------------------------------------------
 (4) _read_prec_or_width                                   5     3      2     276
                                              6 COMMON     5     3      2
                             ___wmul
 ---------------------------------------------------------------------------------
 (5) ___wmul                                               6     2      4      94
                                              0 COMMON     6     2      4
 ---------------------------------------------------------------------------------
 (1) ___lmul                                              13     5      8      94
                                              0 COMMON    13     5      8
 ---------------------------------------------------------------------------------
 (1) ___lldiv                                             14     6      8     164
                                             13 COMMON     1     1      0
                                              0 BANK0     13     5      8
                             ___lmul (ARG)
 ---------------------------------------------------------------------------------
 (1) _LCD_String                                           2     0      2      80
                                              3 COMMON     2     0      2
                           _LCD_Data
 ---------------------------------------------------------------------------------
 (2) _LCD_Data                                             3     3      0      29
                                              0 COMMON     3     3      0
 ---------------------------------------------------------------------------------
 (1) _LCD_Init                                             2     2      0      29
                                              3 COMMON     2     2      0
                            _LCD_Cmd
 ---------------------------------------------------------------------------------
 (1) _LCD_Goto                                             3     2      1     130
                                              3 COMMON     3     2      1
                            _LCD_Cmd
 ---------------------------------------------------------------------------------
 (1) _LCD_Clear                                            2     2      0      29
                                              3 COMMON     2     2      0
                            _LCD_Cmd
 ---------------------------------------------------------------------------------
 (2) _LCD_Cmd                                              3     3      0      29
                                              0 COMMON     3     3      0
 ---------------------------------------------------------------------------------
 (1) _ADC_Read                                             6     4      2      52
                                              0 COMMON     6     4      2
 ---------------------------------------------------------------------------------
 (1) _ADC_Init                                             2     2      0       0
                                              0 COMMON     2     2      0
 ---------------------------------------------------------------------------------
 Estimated maximum stack depth 8
 ---------------------------------------------------------------------------------

 Call Graph Graphs:

 _main (ROOT)
   _ADC_Init
   _ADC_Read
   _LCD_Clear
     _LCD_Cmd
   _LCD_Goto
     _LCD_Cmd
   _LCD_Init
     _LCD_Cmd
   _LCD_String
     _LCD_Data
   ___lldiv
     ___lmul (ARG)
   ___lmul
   _sprintf
     _vfprintf
       _vfpfcnvrt
         _fputc
           _putch
         _read_prec_or_width
           ___wmul
         _utoa
           ___lwdiv
           ___lwmod
           _pad
             _fputc
             _fputs
               _fputc

Address spaces:
Name               Size   Autos  Total    Usage
BITCOMMON           14      0       0      0.0%
BITBANK0            80      0       0      0.0%
BITBANK1            80      0       0      0.0%
BITBANK3            96      0       0      0.0%
BITBANK2            96      0       0      0.0%
COMMON              14     14      14    100.0%
BANK0               80     80      80    100.0%
BANK1               80      0      37     46.2%
BANK3               96      0       0      0.0%
BANK2               96      0       0      0.0%
STACK                0      0       0      0.0%
DATA                 0      0     131      0.0%


Microchip Technology PIC Macro Assembler V3.10 build 20250813170317 
Symbol Table                                                                                   Fri Nov 21 20:37:48 2025

                         pc 0002                          l52 0332                          l61 0273  
                        l70 0319                          l55 0340                          l64 0288  
                        l49 024A                          l73 0238                          l58 036B  
                        l78 025E                          fsr 0004         ___wmul@multiplicand 0072  
               ?_LCD_String 0073                         l200 0566                         l164 02DB  
                       l166 02F3                         l178 0456                         l444 0410  
                       l454 03CE                         l703 0396                         l706 0220  
                       l650 0500                         l627 02CE                         l645 04C5  
                       l648 04ED                         l666 04A9                         l658 05D7  
                       l683 02AB                         l676 070C                         l695 0671  
                       u530 05DE                         u531 05DD                         u620 02EF  
                       u700 039D                         u540 05E4                         u621 02EE  
                       u605 02DC                         u701 039C                         u541 05E3  
                       u630 03D7                         u550 0603                         u615 02E3  
                       u631 03D6                         u551 0602                         u720 03AD  
                       u560 0635                         u800 05BC                         u721 03AC  
                       u561 0634                         u801 05BB                         u650 03E7  
                       u730 03B7                         u570 0656                         u810 05C2  
                       u651 03E6                         u731 03B6                         u715 03A1  
                       u811 05C1                         u900 0251                         u580 0396  
                       u820 05C7                         u901 0250                         u645 03DB  
                       u565 0631                         u581 0395                         u821 05C6  
                       u590 02D5                         u830 0468                         u670 03F8  
                       u750 03CA                         u591 02D4                         u831 0467  
                       u671 03F7                         u751 03C9                         u735 03B3  
                       u920 0336                         u840 04A5                         u760 04B0  
                       u921 0335                         u841 04A4                         u665 03E8  
                       u745 03BE                         u761 04AF                         u930 041D  
                       u690 040C                         u770 04C3                         u850 0683  
                       u915 0322                         u931 041C                         u691 040B  
                       u675 03F4                         u771 04C2                         u851 0682  
                       u780 04ED                         u860 06A6                         u941 0426  
                       u685 0400                         u781 04EC                         u861 06A5  
                       u942 042D                         u790 04F3                         u870 06BF  
                       u943 0434                         u791 04F2                         u871 06BE  
                       u880 02A9                         u785 04E9                         u881 02A8  
                       u890 0319                         u970 044E                         u891 0318  
                       u971 044D                         u955 0436                         u980 0513  
                       u981 0512                         u965 043E                         u995 0518  
                       _pad 04AA                         fsr0 0004                         indf 0000  
           LCD_Goto@address 0075             __end_of_LCD_Cmd 0274                        l1100 03CF  
                      l1110 03E3                        l1102 03D1                        l1200 048F  
                      l1120 0406                        l1112 03E7                        l1104 03D7  
                      l1202 0494                        l1114 03F8                        l1106 03DA  
                      l1122 040C                        l1130 03A0                        l1210 0683  
                      l1300 02F5                        l1204 04A5                        l1116 03FE  
                      l1108 03E1                        l1140 03BD                        l1132 03A7  
                      l1220 06A6                        l1212 0687                        l1310 0255  
                      l1302 0303                        l1118 03FF                        l1142 03C4  
                      l1134 03A9                        l1126 0397                        l1070 05EB  
                      l1150 04B0                        l1230 06CC                        l1222 06A7  
                      l1214 068D                        l1320 0336                        l1312 0258  
                      l1304 0309                        l1136 03AD                        l1128 039D  
                      l1144 03CA                        l1072 0603                        l1064 05D8  
                      l1080 0371                        l1160 04DF                        l1152 04BD  
                      l1232 06D2                        l1240 06EB                        l1224 06AC  
                      l1216 0691                        l1208 0672                        l1400 0760  
                      l1314 031B                        l1250 0260                        l1306 024C  
                      l1090 02D5                        l1138 03B7                        l1074 0635  
                      l1066 05DE                        l1082 0381                        l1162 04F3  
                      l1154 04C3                        l1170 057F                        l1226 06B3  
                      l1218 06A2                        l1330 02B6                        l1410 07BC  
                      l1402 0769                        l1316 032A                        l1252 0263  
                      l1308 0251                        l1260 0275                        l1340 0419  
                      l1092 02E2                        l1068 05E4                        l1084 0389  
                      l1156 04C8                        l1148 04AA                        l1172 0585  
                      l1180 05B5                        l1164 0567                        l1228 06BF  
                      l1244 06F3                        l1332 02B8                        l1324 02AC  
                      l1412 07C5                        l1404 0775                        l1318 032F  
                      l1254 0265                        l1262 0278                        l1342 041D  
                      l1094 02E9                        l1086 02CF                        l1190 0457  
                      l1078 036C                        l1158 04D7                        l1182 05BC  
                      l1174 0599                        l1166 056B                        l1238 06E0  
                      l1270 0289                        l1334 02C5                        l1326 02B0  
                      l1414 07CD                        l1406 07A5                        l1256 0266  
                      l1280 0341                        l1264 027A                        l1360 0525  
                      l1352 0501                        l1344 0434                        l1096 02EF  
                      l1088 02D1                        l1192 0459                        l1184 05C2  
                      l1176 059C                        l1168 057B                        l1272 028E  
                      l1328 02B4                        l1416 07DC                        l1408 07AD  
                      l1290 0239                        l1258 0267                        l1282 034A  
                      l1266 027B                        l1370 0558                        l1362 052E  
                      l1354 0513                        l1346 043D                        l1338 0411  
                      l1194 0468                        l1186 05C7                        l1178 05A2  
                      l1274 029B                        l1418 07E5                        l1292 0241  
                      l1284 0350                        l1268 027C                        l1364 0540  
                      l1356 0516                        l1372 055E                        l1348 044E  
                      l1196 046C                        l1276 02A9                        l1380 0713  
                      l1294 0229                        l1286 0356                        l1366 054E  
                      l1358 0521                        l1198 047A                        l1390 0733  
                      l1382 0718                        l1296 022F                        l1288 035C  
                      l1368 054F                        l1392 073C                        l1384 071D  
                      l1376 070D                        l1298 02F4                        l1394 074A  
                      l1386 0722                        l1378 0711                        l1396 074F  
                      l1388 072B                        l1398 0758                        ?_pad 0028  
                      STR_1 0024                        STR_2 0013                        STR_3 0044  
                      STR_4 0049                        STR_5 003D                        STR_6 0035  
                      u1000 0525                        u1001 0524                        u1020 0540  
                      u1021 053F                        u1015 0527                        u1040 055E  
                      u1041 055D                        u1025 053C                        u1107 0233  
                      u1035 0550                        u1117 026E                        u1127 032C  
                      u1137 0245                        u1057 0744                        u1067 07EB  
                      u1077 0283                        u1087 0345                        u1097 0366  
                      _dbuf 00A5                        _main 070D                        _prec 00A2  
                      pad@i 002D                        pad@p 002B                        btemp 007E  
                      _utoa 0567            __end_of_ADC_Init 024B            __end_of_ADC_Read 0341  
                      start 0000                 LCD_Goto@col 0073                 LCD_Goto@row 0074  
                     ??_pad 007D            __end_of_LCD_Data 0289            __end_of_LCD_Init 036C  
          __end_of_LCD_Goto 025F                LCD_Data@data 0072                       ?_main 0070  
           __end_of___lldiv 0567                       ?_utoa 002F             __end_of___lwdiv 0411  
           __end_of___lwmod 03CF                vfpfcnvrt@fmt 003A                       _PORTD 0008  
                     _TRISA 0085                       _TRISD 0088                       _TRISE 0089  
       ___lmul@multiplicand 0074                       _flags 00A4         read_prec_or_width@c 0078  
       read_prec_or_width@n 0079                       _fputc 05D8                       _fputs 036C  
                     btemp0 007E                       pad@fp 0028                       btemp1 007F  
                     _width 00A0                       _putch 0220                       pclath 000A  
                     utoa@d 0031                       utoa@i 0036                       utoa@p 0035  
                     utoa@w 0033                       status 0003                       wtemp0 007E  
           __end_of_sprintf 02CF               main@adc_value 006E             __initialization 07F3  
              __end_of_main 07F3                __end_of_utoa 05D8                      ??_main 0059  
                    ??_utoa 007E           __end_of_LCD_Clear 0239                   ??_LCD_Cmd 0070  
__end_of_read_prec_or_width 04AA                      _ADCON0 001F                      _ADCON1 009F  
                    ?_fputc 0070                      ?_fputs 0020                      _ADRESH 001E  
                    _ADRESL 009E                      ?_putch 0070                vfprintf@cfmt 0047  
                    ___lmul 0411                      ___wmul 02CF                   ??___lldiv 007D  
                 ??___lwdiv 0074                   ??___lwmod 0074             ADC_Read@channel 0075  
      read_prec_or_width@ap 0077                      pad@buf 002A                      fputc@c 0070  
                    fputs@c 0025                      fputs@i 0026                      fputs@s 0020  
                    ltemp0a 0080                   ?_ADC_Init 0070                   ?_ADC_Read 0070  
                    putch@c 0070                      ttemp0a 007F            __end_of_vfprintf 02AC  
                    utoa@fp 002F                   ??_sprintf 004C                      wtemp0a 007F  
                 ?_LCD_Data 0070     __end_of__initialization 07FC                   ?_LCD_Init 0070  
                 ?_LCD_Goto 0073              __pcstackCOMMON 0070               __end_of_fputc 0672  
             __end_of_fputs 0397               __end_of_putch 0221                ??_LCD_String 0075  
                ??_ADC_Init 0070                  ??_ADC_Read 0072                     ??_fputc 0074  
                   ??_fputs 0023                     ??_putch 0070                  __pbssBANK1 00A0  
                ??_LCD_Data 0070                  ??_LCD_Init 0073                  ??_LCD_Goto 0074  
        __end_of_LCD_String 031A                  __pmaintext 070D                     ?___lmul 0070  
                   ?___wmul 0070              ___lmul@product 0079                     _LCD_Cmd 025F  
                __stringtab 0003               LCD_String@str 0073              main@millivolts 006C  
                   ___lldiv 0501                     ___lwdiv 03CF                     ___lwmod 0397  
                 ?_vfprintf 0043                     __ptext1 02AC                     __ptext2 0289  
                   __ptext3 0672                     __ptext4 0567                     __ptext5 04AA  
                   __ptext6 036C                     __ptext7 05D8                     __ptext8 0220  
                   __ptext9 0397       read_prec_or_width@fmt 0076                   _LCD_Clear 0229  
                   _sprintf 02AC                     clrloop0 0222        end_of_initialization 07FC  
                   fputc@fp 0072                     fputs@fp 0021          _read_prec_or_width 0457  
           ___lldiv@divisor 0020             ___lldiv@counter 002C           __end_of_vfpfcnvrt 070D  
       ?_read_prec_or_width 0076            vfpfcnvrt@convarg 003E                  ??_vfprintf 007E  
                 _PORTEbits 0009                  ?_LCD_Clear 0070        ??_read_prec_or_width 0078  
                LCD_Cmd@cmd 0072                  main@buffer 005C              __end_of___lmul 0457  
               vfpfcnvrt@ap 003B                 vfpfcnvrt@cp 0042                 vfpfcnvrt@fp 0038  
            __end_of___wmul 02F4         start_initialization 07F3                 __end_of_pad 0501  
               vfprintf@fmt 0045                    ??___lmul 0078                    ??___wmul 0074  
            ADC_Read@result 0073                    ?_LCD_Cmd 0070                   ___latbits 0002  
             __pcstackBANK0 0020                 ??_LCD_Clear 0073            ___lwdiv@dividend 0072  
                  ?___lldiv 0020                    ?___lwdiv 0070                    ?___lwmod 0070  
                 __pstrings 0003                    _ADC_Init 0239                    _ADC_Read 031A  
          ___lwdiv@quotient 0074                    ?_sprintf 0048                    _LCD_Data 0274  
                  _LCD_Init 0341                    _LCD_Goto 024B              ___wmul@product 0074  
                 clear_ram0 0221                    _GO_nDONE 00FA                   _vfpfcnvrt 0672  
               __stringbase 0012           ___wmul@multiplier 0070           ___lmul@multiplier 0070  
                vfprintf@ap 0046                  vfprintf@fp 0043                  ?_vfpfcnvrt 0038  
        __end_of__stringtab 0013                  sprintf@fmt 0049             ___lwdiv@divisor 0070  
           ___lwdiv@counter 0076                    __ptext10 03CF                    __ptext11 0457  
                  __ptext20 025F                    __ptext12 02CF                    __ptext21 031A  
                  __ptext13 0411                    __ptext22 0239                    __ptext14 0501  
                  __ptext15 02F4                    __ptext16 0274                    __ptext17 0341  
                  __ptext18 024B                    __ptext19 0229                    _vfprintf 0289  
                _LCD_String 02F4                   sprintf@ap 004D            ___lwmod@dividend 0072  
          ___lldiv@dividend 0024                   stringcode 000D                 ??_vfpfcnvrt 003C  
                  sprintf@f 004E                    sprintf@s 0048            ___lldiv@quotient 0028  
           ___lwmod@divisor 0070             ___lwmod@counter 0074                    stringdir 000D  
                  stringtab 0003  
